specimen_id	O14625	O43508	O95760	P01133	P01135	P01374	P01375	P01579	P01584	P02778	P03956	P04141	P05112	P05231	P09603	P09919	P10145	P10147	P13232	P13236	P13500	P13725	P14210	P15692	P22301	P35225	P39900	P40933	P48061	P49771	P50591	P51671	P60568	P78380	P80075	P80098	Q07325	Q14116	Q16552	Q8NEV9_Q14213	Q969D9	Q96PD4	Q99616	Q99731	Q9P0M4
1037	270.11512	418.38428	1.04209	147.59199	4.85436	7.51801	14.09968	0.24685	0.18888	64.09395	612.30272	0.22704	0.01867	3.35135	109.89887	104.51201	5.50083	4.75453	1.02648	60.14804	306.54563	0.98521	158.77622	311.38261	6.52173	0.77971	156.27033	12.46374	114.99617	92.30821	416.19717	272.08311	0.02466	52.14074	6.06695	1.42618	43.12286	331.70751	0.22489	9.34969	1.21399	0.6343	371.30932	133.48164	14.82497
1310	486.14634	387.75619	0.23073	71.04518	7.28856	10.40701	15.5449	0.28654	0.1788	95.15041	390.33554	0.10747	0.0352	1.21339	137.91494	136.55798	6.62217	3.96101	0.80982	49.13279	497.43675	2.01554	105.39126	185.30547	5.22083	1.20506	318.09665	12.69682	159.47532	139.60066	389.15664	408.17318	0.02942	153.91095	74.41782	2.03964	43.64601	214.17344	0.50843	9.26488	0.03286	1.48857	677.65814	115.6623	20.637
1269	261.34935	312.57392	0.03339	54.17054	3.79539	6.05707	10.55909	0.21193	0.17768	46.33086	516.75002	0.12543	0.01605	0.91323	117.34411	79.22716	5.82598	3.1013	0.43217	52.01503	330.38953	0.98098	74.3013	170.78878	9.47428	0.07534	238.13898	14.17583	132.29116	104.17041	428.39232	197.68989	0.01328	42.37145	53.2673	1.20652	32.90702	158.30289	0.0085	5.42598	NA	0.25985	216.75228	62.55419	7.77657
1181	271.81634	354.38319	0.10796	91.96664	4.16559	9.96542	14.56689	0.17331	0.07855	43.8511	617.99986	0.29887	0.01927	0.94327	104.3333	77.38826	8.89807	3.09263	1.30431	45.59027	287.93127	1.88542	102.86219	242.25606	10.91187	0.22704	326.28722	11.94996	125.58486	85.48504	383.31861	374.66678	0.00456	144.79563	37.62059	1.2851	67.44418	272.93269	0.9486	6.88772	NA	1.34997	488.77309	124.98883	48.63148
1300	251.5543	326.57968	0.08699	58.13492	4.76759	10.11481	13.96289	0.42503	0.06517	90.36359	448.27565	0.13069	0.01506	1.47892	143.99309	64.41028	3.20461	6.6226	0.45361	85.81955	497.39618	0.95284	92.51881	212.98474	6.81921	0.14972	212.82052	18.14949	99.75231	105.95664	515.22326	221.04313	0.0111	53.48277	40.06471	1.91566	59.00078	230.81047	0.02571	13.60642	NA	0.52736	203.52226	85.9706	23.31227
1205	588.26794	390.5804	0.02254	126.99977	4.13747	7.52096	17.05238	0.21942	0.16611	53.33388	858.82234	0.31786	0.0161	1.62305	126.99006	104.05231	7.27193	3.70115	0.92148	45.79946	395.28359	0.42874	116.65175	244.38427	8.86141	0.15087	421.17397	18.2008	162.16349	113.31684	438.50781	230.26337	0.00991	26.10219	39.28525	2.49201	62.15189	244.38221	0.47202	8.91595	0.12123	0.39692	847.05463	124.08741	13.69475
1108	205.88856	358.72244	0.05581	78.91893	3.27293	9.9142	13.71882	0.7857	0.0557	121.18699	411.86797	0.13342	0.01882	2.31609	128.17964	86.17573	5.24636	4.95436	1.75589	41.74543	321.41455	0.87888	129.67634	203.9099	7.55616	0.12094	233.47624	13.35373	183.42635	72.65456	566.76141	96.27666	0.0044	67.19396	8.19631	0.43463	60.08103	290.65507	0.37568	10.53891	0.03828	1.29715	114.42544	87.37648	24.80891
1351	450.98092	394.62784	0.3418	91.03292	3.33443	5.64855	11.6108	0.37563	0.26684	92.22715	393.5869	0.32419	0.01823	1.56738	127.98965	75.68239	5.99428	5.91452	0.71934	56.0034	383.10235	0.34639	68.99548	149.62999	7.21276	0.38655	97.5077	17.5413	140.54039	95.41175	388.91349	220.00067	0.04809	33.04602	25.68763	1.50419	42.7446	181.27636	0.0543	5.74223	0.19452	0.58229	231.07712	48.68584	11.41186
1183	528.52692	399.10111	0.02026	208.14871	4.1887	7.90978	14.06405	0.35614	0.39856	83.36381	365.17892	0.41919	0.01423	0.98977	120.37063	110.42078	7.68433	3.61368	1.32089	53.18409	321.59712	0.79412	115.17802	307.22832	8.4355	0.11375	319.23139	12.58324	113.63089	112.70071	464.69047	367.16475	0.01167	62.61214	46.01045	2.56243	273.35595	420.70722	0.67586	5.7244	0.02694	1.82262	599.02523	165.43767	26.93224
1234	411.30473	327.17931	0.15288	53.96747	4.48979	9.1791	14.90426	0.27152	0.16626	104.75498	430.84619	0.32718	0.01782	3.43953	142.39801	149.92618	10.49756	4.22518	1.12278	42.584	366.47355	1.2019	126.32132	281.18805	7.03197	0.11899	340.24186	15.16846	110.44938	87.6593	377.51575	324.79443	0.01333	80.46401	51.23423	2.96428	67.47008	332.04711	0.34427	2.24438	NA	1.14071	299.855	83.36156	20.28021
1226	241.94699	317.32654	0.05647	131.21723	4.12271	3.64804	6.52506	0.13542	0.07609	39.57691	464.23043	0.05406	0.01905	0.99353	98.30538	105.81651	4.6088	255.16495	0.93639	50.78777	292.55766	1.68083	106.0722	128.6199	2.84239	0.12378	139.05888	10.64654	179.65673	91.49245	329.60744	314.62047	0.00813	79.17056	41.66422	0.87748	26.48852	186.46935	0.10543	4.60213	0.01566	0.36838	322.66947	59.0168	24.52444
1195	269.87204	392.92382	0.02673	52.97581	3.33747	5.52361	10.01732	0.12375	0.1059	40.22448	221.96996	0.10578	0.0115	0.66697	103.28521	55.12016	6.70478	6.03225	2.13769	59.04676	409.39605	0.68425	118.45471	181.42834	3.91782	0.05398	183.72496	16.53338	126.69922	96.33903	319.56921	293.28252	0.00528	53.18743	55.80205	1.51573	29.94556	247.1807	0.05752	3.61586	0.00588	1.10145	746.51437	81.62275	14.54647
1174	263.91221	476.86728	0.0239	37.18095	3.54575	7.91155	13.58989	0.16558	0.28813	44.31608	207.34769	0.20261	0.01446	0.68577	128.44529	81.80854	4.58052	3.34819	0.85045	51.55198	405.46663	0.54598	107.21025	175.59047	5.50259	1.82835	188.29629	18.61675	139.25519	121.10899	397.61644	308.11584	0.01216	48.47711	27.85693	1.08342	39.40806	226.14193	0.32943	2.75132	0.22522	6.37596	892.39561	188.66554	8.7893
1248	725.21277	615.54343	0.02596	162.43656	9.10817	12.69625	22.52663	0.51951	0.38098	128.2157	1741.71471	0.39345	0.0164	1.25782	159.27081	257.69979	8.26191	5.76203	1.07794	88.99515	613.72888	1.26511	142.32801	293.04877	22.07811	0.35433	362.95054	29.28373	225.8066	168.24825	656.73812	285.58623	0.01129	73.6195	54.87102	2.18382	67.74543	281.68017	0.83149	13.03111	0.22235	1.97222	418.63942	141.76627	20.04315
1045	1190.60709	549.22707	0.17139	444.86956	4.10347	10.64232	28.36571	2.07632	0.42336	435.06196	186.16294	0.3016	0.01849	8.51369	152.74022	248.44982	7.67607	7.49592	1.92269	79.54218	334.94922	0.93294	175.88539	259.72567	13.19406	0.16266	247.45669	17.3021	146.13686	103.5208	844.38983	180.5237	0.00974	39.64881	46.17957	4.44423	170.91054	509.5524	0.37014	21.81811	0.28481	2.19338	388.71609	203.18561	14.08373
1307	589.93231	498.22689	0.07876	57.8433	6.49806	14.64085	13.88535	0.40592	0.12521	113.31961	394.33351	0.2982	0.0239	2.37943	163.01631	150.05184	8.83231	4.13004	0.8582	59.47897	547.0507	2.05966	108.59374	212.13561	6.88777	1.12973	337.67311	15.71422	218.15849	162.88826	477.26949	419.63149	0.05501	144.83023	81.46034	2.31516	70.59681	271.38712	0.68559	10.53147	0.01645	1.46856	820.48625	140.03811	11.60564
976	311.17611	306.93487	0.0811	54.11026	7.92165	12.40773	17.00814	0.32335	0.09784	70.33373	475.61848	0.17438	0.01803	0.8736	131.90211	72.48717	10.15588	3.90774	0.89068	36.93031	365.43526	1.62433	118.85635	240.43124	4.87147	0.27295	214.3744	11.59151	165.01125	151.69291	291.39227	281.74419	0.01749	155.79106	17.12031	1.58626	81.86565	272.69508	0.57394	6.54493	0.05771	0.5617	257.57707	89.89198	14.28817
1299	256.10638	301.19546	0.11509	54.08883	5.08812	11.61209	9.53365	0.40572	0.10859	102.47419	516.78988	0.13385	0.0137	1.31286	144.82283	57.37999	3.53877	5.42005	0.2868	69.7247	467.81705	1.09283	79.10432	188.9866	5.8559	0.1745	202.91741	15.5056	76.07339	112.27219	513.08505	204.78906	0.01475	53.01691	37.52818	1.96464	47.93638	208.0946	0.01089	6.20267	NA	0.40262	193.46799	84.30054	13.91826
1202	557.96266	458.52759	NA	75.70173	4.41034	5.75843	14.32199	0.14289	0.13582	54.80998	673.97323	0.16677	0.01755	1.83232	123.66121	128.70398	6.71414	2.91542	0.89998	39.90103	355.77581	0.61893	129.08696	247.28862	7.50909	0.12176	306.75264	16.23628	165.90062	85.40505	441.27566	225.58744	0.00493	35.98782	35.60046	2.35244	56.30331	260.40248	0.23167	9.40682	NA	0.25297	892.86219	138.97198	17.60558
1268	291.73666	331.5454	0.04211	58.49673	3.65219	5.83046	10.05091	0.26512	0.17882	56.01791	660.81853	0.18505	0.01388	4.03571	121.48666	145.04715	5.72708	3.5047	0.70687	63.17616	385.79849	0.40396	78.648	176.91046	17.37678	0.09907	175.53517	14.01524	131.1423	90.87851	420.26007	205.08837	0.00673	32.37938	49.27799	1.67438	34.29267	147.14442	0.17294	8.59687	NA	0.38763	220.80272	73.35888	6.26682
1036	413.1597	382.60154	0.65049	176.96382	4.4146	6.42638	16.2936	0.14099	0.2151	56.71398	805.55491	0.15849	0.0132	1.69436	121.96744	84.16611	5.7821	4.27575	1.02996	53.50956	302.42175	1.3322	137.28168	287.96173	5.07318	0.13317	142.06148	11.42606	128.84407	102.52124	380.20864	273.65318	0.02265	80.38122	6.61578	1.46091	44.28419	252.19089	0.18877	6.54167	0.83019	0.55353	333.98744	106.36106	12.53546
1152	475.86259	242.59166	0.39223	65.43759	5.16529	7.7595	9.21939	0.17163	0.2116	72.90234	607.38836	0.11384	0.01642	2.94703	133.93152	89.07025	13.02168	4.6998	0.84004	62.54005	411.46593	2.55033	144.92235	215.70123	2.85357	0.07836	123.68895	15.45605	96.75607	68.68123	183.89742	324.64831	0.01074	104.35159	54.21801	2.90739	47.67972	301.42243	0.10857	0.80817	0.06419	0.2497	666.88825	88.97773	11.88039
1018	1050.96272	607.86979	0.04669	249.21643	9.29781	14.31363	24.6049	0.57063	0.49025	273.03644	1803.38666	0.22676	0.0175	13.42369	165.80473	219.26006	13.17973	17.13726	1.54624	108.7917	472.82893	4.46549	214.14506	326.86611	10.96164	0.2969	422.24473	14.56065	109.9778	136.97833	589.04222	231.24661	0.00717	185.51469	15.81109	3.39718	117.36826	450.20605	2.09704	13.40721	0.15515	1.46244	361.0195	296.39235	40.11248
1085	343.77939	395.97712	0.12712	152.44613	6.43951	11.65715	35.49701	0.13866	0.10548	91.77642	993.24266	0.21519	0.02037	3.52731	117.20739	99.53964	7.33966	5.70813	1.0375	92.28272	212.79465	4.59678	150.25402	215.05602	11.85714	11.56923	235.6735	13.59102	139.76725	60.91124	503.26361	236.39689	0.00419	103.54136	22.75843	1.41747	125.05223	269.29243	0.83938	10.07162	0.16342	2.33337	176.74537	499.90701	17.82347
1255	384.10686	533.36092	0.06442	111.18277	4.68074	9.12223	13.11125	0.23634	0.13034	90.83172	1046.10734	0.18099	0.01993	1.42498	169.24462	103.6685	8.25825	5.10765	0.73783	98.38218	503.81017	0.95601	187.14813	251.45585	8.59805	NA	208.47374	14.89987	150.58596	86.09053	549.5392	309.56929	0.01417	56.47169	40.09732	2.58198	46.39406	272.16401	0.46983	11.11852	NA	0.40451	323.23405	158.69235	15.07741
1141	576.6996	499.90178	0.19555	91.05373	5.24551	9.05601	15.04908	0.61911	0.077	109.0133	1026.57723	0.22453	0.03683	1.81173	91.50006	86.2557	7.07143	5.73568	2.6336	44.86979	426.01202	0.91988	164.05377	222.10535	6.98308	0.42514	354.93239	15.61467	159.18631	103.58478	528.81765	325.92917	0.02143	43.97239	9.10889	1.2662	64.74222	222.18915	0.3079	12.97531	0.78624	4.34802	443.07984	130.55722	15.5691
1258	345.62621	505.49417	0.03349	36.69707	4.2795	8.78558	14.53687	0.19271	0.04962	94.40168	668.60159	0.11753	0.02015	1.25797	153.00471	70.11712	8.60947	4.70784	0.76139	72.67392	436.15972	0.87274	170.32599	226.42937	6.02654	NA	175.37207	13.76453	134.08305	81.78753	527.16111	290.55492	0.02954	52.59002	29.10631	2.26991	39.56615	234.81543	0.21985	8.3099	NA	0.61678	262.07775	154.81671	16.25293
1184	411.09044	364.72809	0.09148	74.11424	4.67615	9.79456	14.96503	0.21343	0.09436	59.16172	292.06085	0.24929	0.01868	1.1352	113.32863	92.20552	6.99782	3.26722	1.10609	40.61203	385.15384	1.85329	123.78461	274.56497	11.3239	0.11933	188.26332	15.25286	95.3483	122.7935	397.40785	361.90194	0.00841	117.58484	39.79358	1.31359	52.50971	367.21951	0.39342	7.49072	0.06978	1.58167	537.60901	154.73138	47.04693
1289	360.51347	471.73363	0.16016	64.80704	6.20134	11.01777	15.37757	0.24379	0.19478	68.81784	278.40815	0.24712	0.0202	2.06966	156.08107	91.31704	7.46302	5.25446	0.49568	88.05204	463.29196	0.41854	110.25561	191.70291	6.77003	0.02745	224.59392	17.08076	193.00423	141.90315	558.433	392.28383	0.0513	41.85116	65.39386	1.80798	59.06738	247.88876	0.6107	2.05954	0.40427	0.20755	412.55274	82.28179	31.25249
973	377.12699	365.41084	0.04705	54.11205	9.5477	9.30261	19.83867	0.55719	0.25861	82.08238	556.19455	0.25291	0.01895	1.20673	164.30116	69.99166	11.88382	7.23963	1.19136	50.59991	393.85338	2.6047	126.92536	271.33378	8.96568	0.14171	217.56366	13.69183	140.40794	140.24467	339.02021	331.39683	0.00827	271.8756	26.53109	1.74766	70.63277	222.17729	0.73925	7.17197	0.07557	0.51491	282.08041	110.28636	14.10153
1170	440.45421	492.19035	0.00866	54.99639	4.98936	10.56365	15.55792	0.37387	0.10456	65.23161	253.44244	0.41477	0.01255	0.62647	133.55283	41.45912	4.58021	4.86795	0.97445	76.57869	499.35345	0.47868	123.31967	199.48564	7.29287	3.36541	264.06098	21.70925	166.03768	133.0212	450.63611	310.82608	0.00294	30.11414	36.14508	1.57055	55.57659	275.6002	0.20593	5.74935	0.17004	7.88958	1337.87819	209.41633	15.7243
1004	540.29997	219.39947	0.18232	42.11969	5.10308	12.75522	7.55934	0.24328	0.08766	61.12069	426.45161	0.23026	0.02073	1.11833	147.07103	86.78569	7.88319	2.91713	0.80285	44.51248	333.61368	2.35663	92.29789	273.30281	2.21775	0.31283	107.29849	12.55892	127.52483	95.79449	179.54811	250.40053	0.02248	133.61365	20.29046	1.58593	39.76874	163.1381	NA	0.26877	NA	0.19089	212.03215	119.77282	3.18542
1130	921.75503	433.79444	0.34692	203.95655	7.00506	11.85413	12.55706	0.5367	0.14633	62.1274	848.7197	0.18922	0.02354	2.52741	132.33752	222.92836	6.52491	4.46807	1.22509	78.76956	327.60398	4.35532	164.7038	363.26856	6.66371	0.18082	182.06594	20.44455	182.08351	80.98364	575.45757	524.75256	0.00609	91.40179	60.50835	2.5412	128.91362	269.85594	0.99045	16.04154	NA	1.23906	272.03993	167.29051	30.80886
1129	1953.125	476.02835	0.52564	218.62748	7.10137	12.33221	15.84329	8.20335	0.35813	525.69535	869.84108	0.2138	0.01655	4.4829	150.1003	130.58874	5.74484	4.34344	1.62178	95.15751	782.99232	1.34982	154.06608	335.72215	18.18912	0.13623	198.38834	26.80801	234.91589	112.87333	575.93671	482.45052	0.00863	58.53379	298.6965	4.8491	165.0454	247.53866	0.2533	52.13072	0.09237	0.23389	354.03859	200.98524	16.70426
1159	282.97613	433.29674	0.01704	192.44466	2.94721	7.99313	14.13279	0.18953	0.16855	65.82973	292.49829	0.12437	0.01252	2.48089	108.24563	120.23497	6.079	4.18052	0.87999	53.45409	248.64554	0.41263	88.43636	150.95029	4.3565	0.05884	308.77385	10.94329	139.46034	92.44252	323.58027	180.66903	0.00293	40.95674	36.45807	1.9196	37.39826	242.35102	0.41871	3.44802	NA	1.65118	401.50466	101.14431	12.54527
965	622.75919	439.89999	0.17061	95.64391	5.92486	9.24212	15.04691	0.29441	0.09192	64.18482	806.72396	0.34753	0.01826	0.76115	112.92701	56.52586	6.51495	5.07254	0.50042	41.81637	469.52621	1.23374	128.74677	242.50557	9.55708	0.13086	223.30845	10.93191	126.86286	76.18307	386.98569	287.66698	0.00973	105.59742	42.39133	1.72155	77.99452	224.93381	0.33858	3.84672	0.03167	0.21016	472.48685	220.86436	15.13161
1088	868.1446	637.96084	0.02262	677.39673	6.23826	11.39424	36.63666	0.17655	0.82063	299.39129	2093.92533	0.29384	0.01791	2.35335	150.6261	177.29838	8.7213	7.14009	2.96363	181.23793	367.23147	1.15639	174.97362	307.21189	10.24543	8.51524	362.68381	15.58838	221.24902	85.55486	626.2511	256.66899	0.01078	44.84053	40.97538	2.9327	191.10651	444.15586	1.75658	19.71796	0.29444	3.28183	319.14028	537.38368	35.63026
1119	734.59265	502.31664	0.1874	70.67792	3.9814	9.54222	41.94046	0.44494	0.28464	233.7543	1376.56526	0.29593	0.01509	2.28513	142.20301	199.306	6.59573	7.35483	1.02894	104.45537	569.69358	1.45979	147.46017	211.44408	11.91131	0.39896	219.87058	12.73953	83.69305	122.71967	477.26867	244.14842	0.00513	86.05658	34.06228	1.84078	113.23486	384.06568	0.35942	5.99791	0.04376	1.03818	311.28272	738.68271	13.95053
1038	280.48598	468.92413	0.77256	168.32491	4.3648	8.03352	14.12254	0.21036	0.38573	48.6322	766.45007	0.29068	0.01195	2.75338	123.05285	144.68298	5.2408	4.47059	1.00031	57.54157	340.56591	0.58626	162.53265	341.95796	6.99	0.89383	197.06801	16.07479	125.81594	117.52721	401.29629	286.76925	0.04238	25.12317	6.28933	1.2286	48.27472	311.60214	0.32927	7.94371	1.35749	0.54617	310.7462	126.08905	12.23195
1194	373.90413	444.82119	0.03104	117.60372	5.4274	8.562	15.07889	0.21125	0.17311	60.94524	260.44759	0.14053	0.01442	1.09554	128.52942	71.28841	6.79711	9.80275	2.62193	100.7373	582.38778	0.87973	145.48681	254.03462	10.13191	0.10801	196.99387	21.91603	177.73862	160.19825	441.55644	392.16855	0.00522	64.5935	91.4591	1.9034	35.36924	324.12208	0.21959	7.19019	NA	1.43656	1422.94281	113.82129	42.30995
1290	381.34172	500.45512	0.17612	74.70754	6.54593	12.22497	15.42926	0.20867	0.23454	62.07264	265.65643	0.15514	0.02357	1.80577	153.22496	79.33373	6.36659	6.20094	0.61265	111.83746	478.35104	0.3626	98.65051	180.74547	6.9336	0.05375	200.43007	20.20409	228.32953	177.43192	584.10696	400.27329	0.04446	30.53416	68.54263	2.07644	41.22568	235.89419	0.14408	3.03349	0.13227	0.24518	471.21384	95.40796	16.03307
1089	337.65492	392.97194	0.08062	196.57071	5.31169	12.71525	28.13125	0.22309	0.14153	79.10165	759.97499	0.18539	0.01743	2.36865	98.32524	118.49902	5.29365	4.45415	1.02508	85.63325	283.30153	1.39301	123.72414	164.07753	8.04577	12.70414	262.14183	12.86718	143.06779	50.16366	404.62624	240.83859	0.00889	48.99065	22.86007	1.28981	108.34171	273.47422	0.92961	12.45047	0.09997	2.09374	210.59888	435.91955	21.89135
1227	473.39758	491.84379	0.02182	64.8687	6.38314	5.48732	14.26536	0.341	0.29591	74.99152	670.14768	0.11206	0.01665	1.67509	178.99004	137.43453	8.41986	197.05019	0.75186	98.13101	470.37199	2.9279	159.81087	203.21507	7.85811	0.35914	329.31356	17.76158	211.02545	185.2265	494.82136	376.78282	0.03398	168.88836	69.72728	2.0885	103.04187	255.97226	0.21779	7.89843	0.03887	0.7764	449.2176	97.74232	62.3584
1077	351.16709	331.91497	0.0448	169.64922	4.76276	6.53901	16.21719	0.17032	0.39963	74.80198	736.40102	0.25978	0.01321	4.72538	147.77257	192.16014	7.59483	5.8969	1.15678	55.54806	324.388	0.69282	93.43875	212.90788	5.3958	0.19743	285.9936	10.62728	129.54355	107.87294	352.72416	166.48634	0.00427	68.44105	27.85962	2.40941	37.13281	289.19124	0.28527	5.3104	0.17944	0.34459	372.06968	135.39136	18.86491
1162	282.38814	376.77402	0.06651	92.16357	4.52676	9.15314	12.56911	0.22541	0.07259	77.37487	167.67223	0.11026	0.01936	1.74165	111.1776	146.79932	5.02126	4.82656	0.60206	59.97781	205.18934	2.61095	107.71377	161.16199	6.56544	0.12762	226.56816	12.98736	470.89373	87.73667	396.71435	193.36034	0.0086	105.53708	30.88079	1.9847	33.85574	254.89136	0.4731	4.78719	0.04092	1.19426	412.99942	97.50936	12.4824
1126	444.98327	487.33848	0.38282	216.60813	5.21162	12.65495	11.77642	0.3188	0.2351	43.27072	997.19144	0.2427	0.01935	1.68267	149.31306	118.10987	6.36713	3.31718	1.23274	63.41159	427.80729	0.94315	138.91067	354.37689	6.76096	0.17452	256.6619	15.163	207.86225	113.81532	508.58182	453.51132	0.02251	58.1743	61.36825	2.65524	81.54696	227.29528	0.25584	16.23355	0.07115	0.59243	292.17241	111.75438	20.78066
1029	688.17869	214.65889	0.01075	40.92336	3.71541	5.41601	11.03661	0.28971	0.33589	72.3128	557.37883	0.09757	0.01373	0.91344	118.25238	95.00597	5.22559	4.03523	0.67787	57.4726	175.14637	1.27292	69.83702	201.27962	4.71548	0.16245	174.14503	9.54494	76.06574	92.76235	211.6348	263.03473	0.00451	80.66188	17.23456	0.81732	70.68663	143.50557	0.40848	4.56923	0.13035	1.08031	117.7635	68.56377	11.82214
1247	517.77371	547.78035	0.00769	274.14605	5.44283	12.77395	19.44686	0.36155	0.24051	79.52117	2326.30577	0.3904	0.01576	0.8597	168.20122	65.96083	7.64004	3.97108	1.55466	72.9857	495.50597	0.29789	100.53977	237.96675	9.99504	0.14714	262.90396	23.93463	225.17525	142.80024	473.97732	250.10428	0.00958	30.45517	46.34052	1.58739	53.4336	247.88161	0.80328	7.68927	0.09456	1.87854	289.67656	104.0352	29.34672
1217	515.56349	397.11501	0.69864	34.36176	4.17034	5.94998	18.989	0.23763	0.31303	126.03451	672.39385	0.47447	0.02203	4.40234	160.93355	123.25832	8.52605	7.53814	0.9866	55.83691	644.84952	1.17326	115.47587	268.40027	8.73252	0.43768	310.77327	15.99059	185.03437	174.38709	473.87713	261.91206	0.07212	62.83054	15.11121	3.88343	66.59856	275.80933	1.21428	14.77659	0.03652	4.28446	563.33382	112.82944	24.50304
1028	1269.68112	381.36011	0.13776	76.67161	5.55094	11.95006	19.32625	0.62621	0.0713	147.27797	500.0128	0.17981	0.02097	1.38722	149.74298	111.90152	11.5437	8.88435	0.94802	96.78277	381.24434	0.87432	97.91654	307.41375	11.52233	0.14776	246.0959	20.58526	122.69171	150.60817	390.02523	392.08093	0.00727	42.71157	26.08573	1.53913	128.55691	233.07791	0.60413	10.17509	0.2069	2.70439	244.16887	143.40993	20.60045
1245	441.53863	369.1977	0.03378	63.05014	4.22165	9.81837	16.42468	0.40889	0.30424	62.08242	1078.48701	0.26944	0.01213	1.09126	146.61778	164.5267	4.27435	4.01131	0.6452	45.03445	458.14596	0.50757	80.83734	172.5679	9.30463	0.25216	196.60703	19.2648	147.78742	142.55433	368.93948	199.27409	0.00378	37.97396	31.06335	1.47732	32.86271	187.52875	0.25153	5.04386	0.11085	1.44576	241.01168	66.03556	13.77305
1173	390.71485	436.04714	0.01186	75.3609	4.07914	8.71005	17.54251	0.39884	0.14248	82.36812	234.82067	0.33398	0.01423	1.12951	127.7638	77.73541	5.68105	7.43018	1.07065	119.03022	482.22505	0.54434	117.35847	175.41845	10.04286	1.93876	204.26115	20.64026	180.46611	139.44568	467.66962	291.98177	0.00527	36.01696	34.574	2.03889	59.10885	236.70522	0.61672	13.53105	0.10734	9.6832	1151.96392	196.07088	20.29908
1017	669.64323	493.91028	0.06569	170.24518	12.66916	12.45221	20.4192	0.44189	0.42991	195.40542	1339.47088	0.24948	0.01537	18.25524	165.70534	194.01619	7.8693	10.56922	1.24783	78.78029	308.17578	7.44951	257.77533	305.74071	7.0805	0.13317	322.48764	12.88437	76.03706	139.434	464.23191	180.02387	0.01167	386.21419	13.0762	1.76531	85.83081	435.3816	1.33104	10.26915	0.15335	1.29226	267.88016	216.30415	34.771
1163	313.38465	491.87426	0.05108	194.32434	4.62087	7.61386	15.20322	0.2564	0.26933	98.69865	242.08825	0.17418	0.01556	6.29143	130.45341	149.23787	8.54379	6.67294	0.79363	84.42178	305.68307	1.22192	117.54929	212.35541	7.18444	0.09143	381.88203	14.12223	156.73803	75.78477	378.4094	204.53167	0.01641	88.75241	49.11856	2.35775	45.29442	316.99257	0.67531	5.53411	NA	1.62352	623.06795	141.01319	83.35817
1297	299.12325	305.8157	0.03816	69.79386	6.02544	30.71772	8.49681	0.36577	0.05167	83.31948	483.7869	0.13029	0.0217	1.02793	141.56433	35.1851	4.28369	6.51875	0.26601	90.70887	448.20755	1.66171	92.61715	204.67029	3.85357	0.13139	210.80137	16.29874	82.75913	113.15864	528.07359	184.24255	0.01681	104.93837	45.37498	1.92313	45.40053	213.87154	0.00397	4.13851	NA	0.33495	213.24806	68.65781	11.64362
1148	999.88583	245.47039	0.37845	57.74449	5.22125	10.10137	14.97762	0.40546	0.19122	206.3145	368.52519	0.26361	0.01509	2.36644	147.40001	95.65286	7.35101	11.95871	0.75828	138.58523	589.03483	0.82796	115.26663	187.76212	4.7838	0.10687	138.16957	15.76139	129.40045	109.07159	381.68838	358.96039	0.03516	38.46201	66.98598	3.86462	65.79548	272.58781	0.21396	2.882	0.06189	0.94162	701.97759	142.04123	25.79134
1278	845.32174	376.51718	0.06163	194.53972	8.2918	8.40462	24.19479	0.27075	0.25032	142.15016	861.60918	0.18702	0.01538	1.01678	168.50054	58.94455	7.17655	9.57244	0.87161	92.96268	299.81968	1.84884	130.36147	493.9804	7.20037	0.38409	323.21822	16.05418	162.06075	104.07728	399.55179	160.80324	0.00551	104.00907	48.76403	1.56536	77.66286	288.51569	1.21005	13.34205	0.03747	1.54263	506.42254	253.6299	27.80055
1224	267.20056	287.32608	0.05193	68.07691	4.89892	4.10594	8.94687	0.14381	0.03117	52.46898	487.21977	0.05127	0.01744	1.70781	107.4047	62.83857	6.29023	137.95563	0.59468	59.01634	418.66012	3.19021	149.39783	145.73252	5.41856	0.10432	183.68205	13.04029	190.43696	112.76831	311.59692	288.74992	0.01232	116.69658	47.75087	1.68737	51.06834	180.44365	0.14536	6.57093	NA	0.37993	274.94571	69.07655	41.4124
1118	368.91827	456.73291	0.25215	166.95084	3.95256	9.37174	32.84994	0.2886	0.17299	120.65845	910.39665	0.13632	0.03242	4.35863	107.48904	156.63447	6.28803	4.83181	1.21392	67.16882	536.2766	0.5273	125.01012	182.68636	8.76614	0.7114	177.91704	12.195	156.81121	96.5156	408.37047	223.59758	0.0136	35.52874	24.87272	1.2689	80.29706	331.39398	0.31568	5.12945	0.05623	0.83417	244.5274	810.94941	15.353
1115	462.66986	468.66225	0.23426	101.57761	4.15745	8.54857	44.80777	0.23016	0.23705	106.59245	1041.15197	0.12148	0.01377	2.08273	128.662	146.94145	6.25557	4.12315	0.86303	63.58857	554.08197	1.20921	119.72626	172.99271	7.19185	0.16797	161.61674	13.68243	111.52214	101.16989	361.46695	247.02394	0.01367	86.88952	26.26842	1.35684	74.73677	361.36351	0.09382	3.36695	0.33759	0.78758	222.15155	686.11886	29.78848
1025	1094.90701	370.97432	0.02692	167.47031	5.46438	8.53462	20.3912	0.42479	0.22442	155.08939	721.8415	0.44072	0.01223	0.92889	147.92754	94.84427	8.7029	8.13315	1.262	94.06607	301.80181	0.61101	89.72776	284.85502	8.24134	0.05583	211.31308	19.22339	154.37416	136.15305	321.35319	270.58299	0.0036	53.22732	25.54873	1.52959	109.01643	220.63979	0.28218	8.83622	0.04467	2.13515	195.82839	109.72476	17.03197
1007	417.73935	202.9012	0.04231	57.94665	3.36789	14.36262	8.54654	0.42603	0.09515	53.58034	398.82033	0.26903	0.01418	1.5553	143.67821	82.61419	6.76856	2.88343	0.91257	40.92095	228.72338	0.66052	70.12893	234.58313	2.53571	0.54335	103.68889	11.7967	79.58739	83.53669	180.58653	216.86714	0.01416	30.24032	17.65911	1.58941	40.89384	145.88689	0.02266	0.23956	0.00862	0.16302	203.90602	143.16427	3.53001
1151	1046.69015	205.60986	0.64693	108.31691	4.83458	9.71667	16.97789	0.30542	0.48009	196.97142	443.09599	0.51318	0.01864	2.23779	127.83353	111.44954	8.07274	14.81101	1.10331	138.00758	430.07666	0.49804	136.52515	189.98029	8.47676	0.42621	157.7806	13.32332	132.23153	91.00261	345.07805	332.75256	0.08147	29.07813	62.95091	4.40135	101.88379	307.44017	0.46287	2.424	0.09449	0.68332	592.88124	126.93399	15.22769
1213	695.57228	365.94177	0.12971	92.62194	6.52409	18.74763	9.23307	0.22203	0.1652	119.24937	1197.43641	0.21196	0.01765	5.53754	180.04434	113.18706	14.65518	6.86703	0.97664	62.5401	500.73839	6.1963	149.58832	244.48818	4.98806	0.90386	228.60462	13.1	183.6378	155.79635	359.64709	266.40683	0.03053	322.69017	16.49052	3.68999	58.15503	241.75781	0.84039	2.56771	NA	3.41674	563.95311	72.94395	21.82208
1352	414.93731	376.24769	0.10369	110.94951	3.45418	5.61127	9.79978	0.387	0.15836	91.39833	578.25773	0.13425	0.01719	1.3314	115.02948	78.56715	8.413	6.28904	0.79675	52.75838	432.60671	0.59974	79.61152	156.07361	6.99122	0.04685	132.9226	16.3226	107.86249	97.63465	338.11513	213.58926	NA	65.12751	28.99811	1.5186	39.85609	176.87745	0.00578	6.05775	0.16906	0.4812	248.96661	44.48887	12.58843
1343	593.52398	345.1127	0.10984	72.92337	4.8279	8.12747	12.4445	0.24504	0.18041	89.80034	796.40785	0.27646	0.0226	1.26779	157.8255	63.94809	10.19934	5.33101	0.75728	80.00518	419.65219	0.97081	89.35451	279.01382	6.58781	0.00982	177.86349	18.78264	141.61801	114.37419	340.60495	453.21072	0.00423	70.85354	35.67854	1.60095	52.24237	157.25127	0.39749	9.8522	0.29858	0.20543	347.75538	142.6512	19.02175
1265	276.58853	313.66586	0.02383	54.34866	3.38563	12.13899	5.67951	0.17382	0.08171	44.53798	563.65009	0.1647	0.01242	0.97808	108.36182	72.07351	5.71879	2.4079	0.48684	42.70508	324.7523	0.46122	66.30031	140.81892	2.71163	0.05224	181.62825	11.19528	122.09313	79.63011	353.85186	258.30523	0.00475	49.74492	50.40225	1.53913	30.53959	135.90442	0.20596	1.05129	NA	0.21537	218.31647	51.69984	4.39236
1311	804.69861	448.29158	0.19302	65.65207	6.78675	13.69866	21.36324	0.29071	0.19741	122.87179	771.66858	0.17454	0.0361	1.6093	151.276	89.77669	8.24286	4.14703	1.32464	54.48861	369.67941	2.40497	113.90048	202.86048	6.51373	0.72301	316.61475	10.22824	172.02167	143.51856	501.00179	396.03691	0.03156	116.90374	77.61441	2.11763	83.4961	436.51253	0.61191	9.98526	0.00989	1.61877	624.24866	126.14196	14.27495
1286	892.16364	540.1216	0.15613	237.36712	5.3333	40.47569	10.64664	0.22483	0.3548	112.72815	527.69517	0.44841	0.02125	2.26138	152.33978	69.42915	8.28629	7.78394	0.88897	181.61861	597.27471	0.31928	94.81838	178.33163	3.94497	0.00503	220.54649	16.06112	224.95916	111.63025	418.86032	488.86735	0.0232	30.54177	168.46289	2.81933	65.36258	234.89223	0.20553	0.85418	0.04494	0.21904	788.51909	74.07355	9.1567
1237	445.21631	310.29443	0.03114	78.38657	3.62564	28.50697	6.44278	0.1949	0.09138	92.18482	563.84833	0.20121	0.01466	3.19532	141.9982	115.33742	9.15961	3.12831	1.01558	39.96838	323.75607	1.62531	115.93493	298.11519	5.70026	0.04581	339.92663	14.66628	102.80799	86.06209	319.85555	273.54475	0.01706	107.09321	45.48012	2.78746	43.88408	260.63848	0.18921	0.34552	0.01771	1.28074	313.6179	68.01747	29.11548
1137	1679.30099	506.49691	0.17572	89.16032	4.51244	8.9269	13.69172	0.87515	0.06724	144.90623	1653.3596	0.21325	0.02026	2.28089	119.28567	127.55303	11.6154	4.62058	1.56557	47.3765	393.30433	0.87643	173.94142	236.75438	26.54541	0.34946	637.44694	13.86093	120.66509	122.05942	403.84062	335.7939	0.03409	42.69795	9.44538	1.24438	377.46177	237.98155	0.99154	11.78979	0.85855	3.58505	350.13831	168.3955	31.44935
1097	355.79026	408.52491	0.04924	108.72532	3.76941	7.76405	11.84237	0.15728	0.94276	73.49458	147.21608	0.17465	0.01486	1.76909	126.59206	187.14661	4.6707	3.92049	0.73368	54.39248	314.84579	1.12399	129.02713	166.35346	6.44243	0.43005	255.22177	16.15368	136.66638	96.35705	343.04004	335.6201	0.00713	80.066	35.86443	4.17287	38.61026	283.08149	0.54103	8.56755	0.17061	0.65284	432.30375	75.09757	20.27896
1048	189.76191	395.59205	0.17129	100.39315	6.38384	6.87741	11.29643	0.17085	0.28054	57.92212	110.95044	0.10019	0.01382	4.11968	128.27433	150.20773	5.04698	4.03212	1.03301	39.07896	221.64676	4.63426	188.4179	196.44388	8.37592	0.09723	166.26223	11.09188	104.24478	73.67199	628.67686	180.53917	0.01318	171.52093	19.58703	1.62403	37.02306	248.92018	0.14881	5.69212	0.20269	1.31731	272.11914	82.51772	10.5829
1078	578.03178	506.84014	0.05474	408.50377	6.52024	10.00793	20.75604	0.32887	0.39706	105.29864	1159.34166	0.42627	0.01545	4.13868	149.98863	142.11511	9.42149	7.9654	2.0788	94.07944	464.16852	0.62407	111.98185	325.16518	6.29212	0.20344	398.6078	13.58739	194.52413	123.17631	496.57373	175.21966	0.01194	58.35976	45.37774	2.7509	51.73685	437.67475	0.31997	11.00765	0.06318	0.54382	597.56363	212.13468	7.96936
1216	962.3792	414.84743	0.10959	126.75537	13.77338	18.89436	11.59021	0.38317	0.19977	163.40767	1489.62436	0.30225	NA	4.17955	184.09895	116.18101	16.00919	6.75766	1.29661	51.02235	475.2274	13.94574	184.76254	318.81534	10.44324	0.07966	263.62366	12.65076	219.12435	145.62005	416.82755	266.26458	0.00597	611.15696	20.32699	4.18212	72.50849	322.36187	0.42223	2.03245	0.01356	3.98048	591.78504	73.66999	14.67791
1049	197.58247	401.53926	0.10467	294.52935	3.62688	9.22826	15.07092	0.17263	0.36117	41.29735	170.26538	0.13012	0.01448	4.17548	113.71001	223.04147	5.49217	3.2137	1.43513	37.77122	328.97655	1.08341	127.87875	190.33221	7.49373	0.21026	206.94944	15.92451	100.91135	79.28588	372.66663	181.80803	0.0037	64.27409	23.08918	1.65786	31.70751	342.93738	0.11037	3.95396	0.16659	1.1941	298.60333	75.22314	11.00537
1140	655.35971	530.12421	0.0579	60.35575	5.34317	9.05389	15.71688	0.59332	0.16246	141.695	1016.178	0.23923	0.01773	2.42955	124.6547	95.05017	5.96989	5.39833	2.03162	52.7161	401.37539	1.16038	174.34915	200.28813	4.2575	0.15221	330.20726	13.89776	182.32604	92.82569	537.90488	310.96668	0.00792	37.79878	9.8344	1.4962	69.00433	160.81759	0.65392	11.36642	0.79443	5.33772	516.40548	139.68165	25.42147
1279	626.57371	312.93203	0.09276	92.56148	6.81508	9.80682	15.87399	0.20217	0.07858	105.22251	540.6567	0.15777	0.02115	1.42566	143.88024	67.00856	4.72517	6.22214	0.47901	47.08445	255.33422	2.61972	109.90534	385.81509	7.57496	0.14997	210.42567	11.12292	87.38844	74.31915	340.74229	159.42355	0.01131	157.88231	34.629	1.22603	120.30357	304.54791	0.53541	9.37175	NA	0.53858	333.62838	205.64208	17.43968
1006	401.45145	214.33316	0.09577	51.4209	4.08996	15.06601	6.67776	0.25723	0.1848	51.69724	374.38066	0.18643	0.01302	1.89167	151.30946	75.20773	5.70596	3.0831	1.03913	41.114	231.94403	0.88239	82.84212	283.79405	3.98194	0.76163	111.2495	11.24429	101.25602	86.0503	201.88893	231.49898	0.03088	49.04586	19.04968	1.37599	37.06348	154.72581	0.03716	0.21562	0.01346	0.14252	204.89358	142.36877	3.64423
1342	520.70014	328.06101	0.24894	56.07846	7.19461	8.51924	15.36093	0.21134	0.19073	70.47865	815.88673	0.23235	0.02296	0.62865	150.13755	40.26579	11.09909	3.89419	0.48912	57.27944	408.69463	4.41241	114.59608	264.95664	3.07796	0.05064	160.32233	20.02006	146.42451	122.70428	324.38849	393.11086	0.03222	251.05448	36.0263	1.62606	50.43405	142.80882	0.32618	6.58003	0.35994	0.27006	300.85282	149.53144	21.24881
1238	472.38963	378.37599	0.3019	54.42962	5.64193	31.75012	9.12678	0.20378	0.06269	106.98343	381.5471	0.3207	0.01559	4.67695	142.14777	119.65136	12.15575	3.80453	0.93861	43.27966	354.12997	3.48667	151.50819	278.88829	6.60726	0.20151	382.44665	15.94611	134.13018	81.60311	359.65999	290.3167	0.04984	214.47883	54.71612	2.57651	57.6014	253.22127	0.14461	0.69262	0.05135	1.52844	344.9066	61.59253	11.96879
1098	613.32704	513.23373	0.05051	146.26891	5.59692	11.12461	15.43132	0.30363	0.35107	121.64126	291.74879	0.10507	0.01476	3.1315	143.18129	115.86784	8.55325	4.30559	0.88766	65.45535	380.28964	1.50108	162.78229	214.66158	8.16611	0.38917	373.98949	16.55787	111.58828	107.88115	514.81987	398.1515	0.02745	218.69837	47.03003	5.25545	61.2138	449.84919	0.31057	13.33197	0.24421	0.95056	799.96539	127.9049	25.16852
966	821.00387	599.43449	0.17149	49.01196	6.45878	9.77049	22.92132	3.02274	0.27969	121.47448	827.78774	0.45241	0.01396	2.12326	150.29362	100.40129	8.19245	7.95274	0.60488	74.76929	577.45521	1.10845	198.94302	308.20001	15.12195	0.11017	323.68328	17.68171	131.9416	85.56428	485.02035	367.76022	0.01052	76.23887	63.30583	3.93326	120.77982	295.95233	1.01207	22.1945	0.15219	0.34761	604.78903	289.72173	17.28602
1257	384.65111	553.79965	0.04937	50.23455	4.71225	8.93518	14.38075	0.2366	0.13245	80.35036	761.61208	0.17177	0.02083	3.2144	171.15407	117.44314	7.4446	4.31171	0.71785	81.8918	487.85389	1.17256	187.38186	249.96236	6.98531	0.02701	193.14322	16.20283	172.46992	92.91672	581.86221	338.85725	0.01808	66.31901	35.72072	2.0743	39.89916	275.99131	0.48567	12.02608	0.00803	0.49072	295.43761	145.56672	27.08889
1191	412.43434	471.715	0.04683	86.27953	5.73778	6.68952	17.99033	0.09485	0.09978	90.0819	314.20048	0.1252	0.01391	3.24355	133.56364	72.23261	11.2411	6.7069	2.50077	83.73237	716.01479	1.91174	170.67509	257.67102	10.03734	0.10137	313.28646	21.61836	149.68076	203.8189	459.46004	368.47673	0.00486	138.06368	71.96492	2.89495	47.23914	334.98815	0.16781	8.86912	NA	1.48785	1362.62902	114.45853	21.13486
1105	259.32879	438.58408	0.07463	87.0791	4.49092	10.21957	22.47516	0.35984	0.21683	157.4343	470.09314	0.21073	0.01367	2.16808	146.25137	144.89733	6.75168	5.22629	1.81781	49.20005	418.1114	0.84486	142.09556	237.69297	10.41687	0.15669	423.69953	16.90399	154.50253	117.7535	571.07107	127.01748	0.01179	72.36102	9.69057	0.93477	95.40514	408.14882	0.89826	8.19887	0.29683	1.7309	133.47698	125.70444	19.59512
1350	482.84726	326.83137	0.25191	80.40807	3.8945	14.24344	6.44551	0.20429	0.15642	84.35882	366.32997	0.16005	0.0162	1.58262	125.71627	53.85945	6.54667	6.15028	0.47615	53.77423	400.67384	0.56903	78.63334	155.06633	4.52092	0.07716	118.52376	15.14987	96.89747	88.57547	313.22592	238.47636	0.02644	65.02411	29.69465	1.56558	44.34325	147.29837	0.06797	2.00387	NA	0.30084	245.47869	35.90732	21.60641
1014	941.09859	542.86782	0.11123	297.53985	11.66678	12.85198	24.07324	0.45706	0.21295	204.05532	1781.82948	0.14517	0.0154	11.00403	147.42709	205.7187	12.85187	14.30655	1.67784	86.89747	392.11788	6.98275	241.65184	297.26601	6.56657	0.35794	340.5078	12.82229	134.23909	124.38837	448.83264	195.79461	0.00407	324.09901	15.22888	2.63487	91.73012	432.59009	1.16581	8.73951	0.11413	1.41595	333.91753	254.60879	19.85822
1206	786.08501	441.86222	0.0557	113.71038	3.87522	7.71128	20.38664	0.1665	0.30747	63.96358	1033.47903	0.23027	0.01613	1.33549	136.8646	92.27469	7.6705	4.29627	1.07385	46.93958	431.54201	0.52654	108.11485	242.94849	12.79278	0.25358	437.22872	16.20644	159.43932	124.88032	510.25683	287.18797	0.00561	48.92536	37.47025	3.12558	77.48573	243.82726	0.44016	12.27365	0.0504	0.62172	871.51145	154.50456	22.26935
1074	630.01846	524.14045	0.20285	531.84834	8.66515	8.5972	24.51095	0.46742	0.40684	136.26289	1301.0816	0.47482	0.01754	3.29822	180.85114	187.859	10.60073	9.60205	2.49821	114.9906	521.88323	2.50277	146.28591	379.87532	8.23812	1.0182	447.98068	19.04858	224.13942	158.93563	491.02819	208.2192	0.01943	100.56035	52.09964	4.06396	58.29229	521.40836	0.32788	10.95307	0.16795	0.65819	844.66965	215.11115	8.57398
962	788.45853	601.17233	0.13199	86.63136	6.85269	12.35677	18.25378	0.51548	0.27898	98.05395	941.27592	0.60106	0.01537	1.28376	150.57576	77.64272	8.3726	6.98188	0.65908	67.58866	531.50387	1.18162	165.56469	303.46335	15.50087	0.42647	325.03945	12.20055	133.01342	98.76327	561.31819	394.33728	0.01967	103.04938	48.92974	2.8775	96.43918	297.94964	0.91225	4.6762	0.34764	0.5183	665.32889	318.01359	15.38829
977	361.1112	359.63981	0.03205	103.80686	6.95289	8.9375	15.4306	0.29887	0.23209	67.81332	899.45071	0.24131	0.01494	1.12147	142.84518	99.53176	10.07984	6.06612	1.20318	54.55556	401.79011	0.74564	109.32631	278.59656	4.95978	0.08456	206.21994	14.94805	206.86458	125.33404	307.24929	283.55543	0.01874	58.92583	24.7276	1.5559	91.22889	241.44202	0.54901	8.762	0.07164	0.40173	290.00548	131.87157	17.89471
1276	738.87233	478.90643	0.06665	383.37	9.81434	8.70171	14.52473	0.26242	0.46673	139.33763	1445.88705	0.20084	0.02536	1.63985	152.48666	61.47428	6.61671	7.72538	1.22991	74.16463	402.48047	2.88273	163.91827	503.7819	7.86214	0.45573	365.12213	13.25623	130.79862	103.0807	545.45923	196.74423	0.00949	225.30016	57.74173	2.58276	85.55229	252.04009	0.48426	11.69926	0.05083	1.0252	867.74933	227.08192	33.9322
1107	294.42827	547.67498	0.06405	99.69526	5.71381	10.87027	29.75672	0.34033	0.37067	189.13153	731.1968	0.82374	0.01545	3.80996	153.12061	142.19324	8.99697	7.8645	2.17923	63.38277	506.01087	1.17752	152.6365	289.0595	13.5312	0.13045	460.22621	16.86857	175.06439	129.06922	727.85407	139.78972	0.01667	82.35321	10.7766	0.97578	99.25017	442.61171	0.66072	12.24311	0.21598	2.00501	169.94222	127.481	16.68953
1339	788.95038	377.80029	0.17479	133.80749	9.03594	10.27907	15.62937	0.28064	0.22078	96.33439	1322.21132	0.23352	0.0217	1.06518	162.64523	42.57764	11.94849	4.34097	0.81379	67.85356	555.73684	4.0252	131.67634	376.17538	5.86783	0.06997	148.25783	17.51762	129.9882	153.54729	362.28895	433.27441	0.03065	274.88009	51.48926	1.97834	55.87658	173.96393	0.75283	8.20224	0.44022	0.36454	420.34489	189.747	25.36015
