specimen_id	Activated B cells (ABCs)	Activated granulocytes	Basophils	Bcells	B cells (CD19+CD20+CD3-CD14-CD56-)	B cells (CD19+CD3-CD14-CD56-)	CD3-CD19-CD56-CD14-CD16-CD123-CD11c-HLA-DR+cells	CD3-CD19-CD56- cells	CD3CD19neg	CD3 Tcells	CD4+CD8+ T cells	CD4-CD8- T cells	CD4Tcells	CD56+CD3+T cells	CD56high NK cells	CD8Tcells	cDC1	cDC2	Classical_Monocytes	Conventional dendritic cells (cDCs)	Intermediate_Monocytes	Lineage negative cells (CD3-CD19-CD56-HLA-DR-CD123-CD66b-)	Memory B cells	Monocytes	Naive B cells	NaiveCD4	NaiveCD8	NK	NK cells (CD3-CD19-CD56+)	Non-Classical_Monocytes	non-pDCs	pDC	Proliferating B cells	TcmCD4	TcmCD8	TemCD4	TemCD8	TemraCD4	TemraCD8
1474	0.625641025641026	17.4166666666667	0.12280701754386	1.24094087730451	1.24234693877551	1.23906150919467	3.53488372093023	0.789915966386555	1.15798045602606	1.18525021949078	0.461538461538462	1.19191919191919	1.2821270310192	1.00458015267176	0.536082474226804	1.10869565217391	0.919506889050036	0.789473684210526	0.681777777777778	0.850393700787402	0.903225806451613	0.294685990338164	0.780780780780781	0.768707482993197	1.3217665615142	0.538906752411576	1.43657666836475	0.583436341161928	0.583625730994152	0.763636363636364	1.40106951871658	1.25	0.457142857142857	2.65060240963855	3.64705882352941	0.408997955010225	0.407701019252548	0.112179487179487	0.134453781512605
1037	1.45	NA	0.066	0.767405063291139	0.785714285714286	0.781645569620253	1.63157894736842	0.619791666666667	0.858267716535433	0.505474452554745	0.38421052631579	0.435215946843854	0.333221476510067	4.12353923205342	1.95454545454545	0.78743961352657	NA	0.271186440677966	0.639097744360902	0.367647058823529	0.716981132075472	0.120805369127517	1.37837837837838	0.684210526315789	0.580645161290323	0.184615384615385	0.955752212389381	2.83231083844581	2.72380952380952	1.22297297297297	0.589473684210526	0.893617021276596	1.16	0.560939794419971	1.11627906976744	0.579457364341085	0.618181818181818	0.78125	0.892537313432836
1310	0.85	1.28205128205128	1.78	1	1.01136363636364	1	1.52631578947368	1.41145833333333	0.801574803149606	0.87043795620438	1.36842105263158	0.926910299003322	0.848993288590604	0.487479131886478	1.02272727272727	0.93719806763285	0.584942084942085	1.11864406779661	1.33834586466165	1.10294117647059	2.73584905660377	1.14093959731544	1.25675675675676	1.42690058479532	0.976958525345622	0.897435897435897	1.00884955752212	1.55419222903885	1.48571428571429	2.54054054054054	1.09473684210526	0.680851063829787	0.84	0.963289280469897	1.11627906976744	0.808139534883721	0.945454545454546	1.625	1.2865671641791
1181	1.4	1.33333333333333	0.44	1.04430379746835	1.06006493506494	1.04588607594937	0.578947368421053	1.15625	0.911811023622047	1	0.684210526315789	2.09966777408638	1.09395973154362	0.460767946577629	1	0.763285024154589	3.47490347490347	0.779661016949153	1.17293233082707	0.779411764705882	0.641509433962264	2.80536912751678	0.939189189189189	1.04093567251462	1.1221198156682	1.37820512820513	0.876106194690266	1.30879345603272	1.26666666666667	0.567567567567568	0.673684210526316	0.851063829787234	1.36	0.985315712187959	1	0.819767441860465	1.06060606060606	0.5625	0.576119402985075
1300	0.75	1.12820512820513	1.84	1.41455696202532	1.43668831168831	1.41455696202532	1.42105263157895	0.927083333333333	0.962204724409449	1.07664233576642	0.894736842105263	0.744186046511628	1.13758389261745	0.312186978297162	1	1.10144927536232	0.833976833976834	1.23728813559322	0.969924812030075	1.14705882352941	0.283018867924528	0.812080536912752	1.12837837837838	0.912280701754386	1.62672811059908	1.24358974358974	1.56637168141593	1.18609406952965	1.15238095238095	0.513513513513513	1.11578947368421	1.4468085106383	0.76	1.22026431718062	0.627906976744186	1.15697674418605	0.606060606060606	0.59375	0.832835820895522
1205	1.05	0.717948717948718	0.54	0.856012658227848	0.873376623376623	0.857594936708861	0.842105263157895	0.859375	1.07716535433071	1.21167883211679	1.05263157894737	0.960132890365449	1.46308724832215	0.290484140233723	0.590909090909091	0.951690821256039	1.29343629343629	1.10169491525424	0.894736842105263	1.05882352941176	0.811320754716981	1.16778523489933	1.66216216216216	0.842105263157895	0.624423963133641	1.96153846153846	1.23008849557522	0.959100204498978	0.918095238095238	0.675675675675676	0.926315789473684	0.468085106382979	0.92	0.920704845814978	0.558139534883721	1.16472868217054	0.66969696969697	2.53125	1.0089552238806
1437	0.933333333333333	1	2.21052631578947	1.14431023521933	1.1390306122449	1.142675967026	0.651162790697674	1.38375350140056	0.946254071661238	0.932396839332748	2.5	0.774410774410774	1.04283604135894	1.2824427480916	1.50515463917526	0.804347826086957	0.102102973168963	1.08771929824561	1.36888888888889	1.13385826771654	1.87096774193548	1.78260869565217	1.03303303303303	1.33333333333333	1.12460567823344	0.662379421221865	0.388181355068772	0.859085290482077	0.898245614035088	1.38181818181818	0.919786096256684	0.881578947368421	0.928571428571428	1.23694779116466	0.80672268907563	1.94274028629857	1.50849377123443	0.846153846153846	1.89355742296919
1362	0.287179487179487	42.4166666666667	0.350877192982456	0.867132867132867	0.830357142857143	0.87000634115409	2.27906976744186	1.19887955182073	0.936482084690554	0.809482001755926	0.184615384615385	2.62289562289562	0.915805022156573	3.20610687022901	1.7319587628866	0.391304347826087	0.567077592458303	0.0543859649122807	0.392	0.598425196850394	0.258064516129032	0.164251207729469	0.186186186186186	0.513605442176871	1.00946372239748	0.810289389067524	0.3015792154865	1.61928306551298	1.62573099415205	1.52727272727273	0.941176470588235	0.473684210526316	0.342857142857143	1.16465863453815	0.302521008403361	0.783231083844581	0.428086070215175	1.53846153846154	1.11484593837535
1395	1.02564102564103	0.516666666666667	0.596491228070176	1.61474888747616	1.56887755102041	1.61065313887127	1.76744186046512	1.66386554621849	0.804560260586319	0.832309043020193	0.884615384615385	2.03367003367003	0.76218611521418	0.561832061068702	1.09278350515464	0.831521739130435	1.59535895576505	1.14035087719298	1.69777777777778	1.13385826771654	1.16129032258065	2.7487922705314	0.876876876876877	1.60544217687075	1.73501577287066	0.560128617363344	0.424859908303617	0.946847960444994	0.95906432748538	1.51818181818182	1.17647058823529	1.30263157894737	1.21428571428571	0.602409638554217	0.352941176470588	1.93456032719836	2	1.21794871794872	1.07002801120448
1108	0.75	0.22	0.58	0.493670886075949	0.482142857142857	0.495253164556962	0.578947368421053	0.708333333333333	1.11338582677165	1.12773722627737	1.26315789473684	0.867109634551495	0.600671140939597	1.41068447412354	0.545454545454545	1.98067632850242	0.565637065637066	0.76271186440678	0.648872180451128	0.764705882352941	1.07547169811321	0.503355704697987	0.601351351351351	0.730994152046784	0.463133640552995	0.48974358974359	1.46902654867257	1.2678936605317	1.2	1.64189189189189	0.673684210526316	0.531914893617021	0.92	0.569750367107195	0.72093023255814	1.06395348837209	1.67272727272727	2.9375	5.55223880597015
1351	0.65	0.0351794871794872	0.32	1.58227848101266	1.60714285714286	1.59810126582278	0.894736842105263	1.28645833333333	0.889763779527559	0.985401459854015	2.68421052631579	0.461794019933555	0.966442953020134	0.385642737896494	0.5	1.1256038647343	0.596525096525097	1.50847457627119	1.54135338345865	1.36764705882353	0.886792452830189	0.154362416107383	0.918918918918919	1.41520467836257	1.95622119815668	1.37179487179487	1.80530973451327	0.865030674846626	0.825714285714286	0.797297297297297	1.16842105263158	2.04255319148936	0.72	0.722466960352423	1.02325581395349	0.436046511627907	0.393939393939394	0.5625	0.328358208955224
1183	1.9	0.717948717948718	0.36	1.4003164556962	1.36688311688312	1.40189873417722	1.47368421052632	1.55729166666667	0.741732283464567	0.795620437956204	0.789473684210526	2.24584717607973	0.815436241610738	0.510851419031719	1.15909090909091	0.599033816425121	2.12355212355212	1.71186440677966	1.58646616541353	1.66176470588235	1.28301886792453	2.88590604026846	1.12837837837838	1.48538011695906	1.48847926267281	0.91025641025641	0.511504424778761	1.38036809815951	1.34285714285714	1.02702702702703	1.49473684210526	1.4468085106383	2.88	0.694566813509545	0.767441860465116	0.998062015503876	1.18787878787879	0.84375	0.71044776119403
1414	2.35897435897436	0.516666666666667	1.03508771929825	1.84361093452002	1.81122448979592	1.83893468611287	0.930232558139535	0.510924369747899	0.996742671009772	1.01316944688323	17.3076923076923	1.34006734006734	0.853766617429838	0.995419847328244	1.62886597938144	1.10326086956522	1.09499637418419	0.578947368421053	0.141333333333333	0.645669291338583	0.741935483870968	1.55072463768116	1.64564564564565	0.353061224489796	1.7981072555205	1.02250803858521	1.01171676006113	1.77997527812114	1.77777777777778	1.96363636363636	0.652406417112299	0.486842105263158	2.5	0.835341365461847	0.621848739495798	0.525562372188139	1.36126840317101	0.705128205128205	2.03361344537815
1234	2.35	2.61538461538462	0.164	1.37025316455696	1.38636363636364	1.37341772151899	1.36842105263158	1.16666666666667	0.902362204724409	0.839416058394161	1.42105263157895	0.983388704318937	0.805369127516778	1.61936560934891	1.09090909090909	0.908212560386474	1.58301158301158	1.74576271186441	1.21052631578947	1.57352941176471	1.26415094339623	1.26174496644295	0.945945945945946	1.18713450292398	1.54147465437788	0.903846153846154	1.07964601769911	1.13496932515337	1.1047619047619	0.972972972972973	1.4	1.65957446808511	2.28	0.863436123348018	0.674418604651163	0.707364341085271	0.721212121212121	1.1875	1.17014925373134
1226	1.55	1.79487179487179	0.52	0.810126582278481	0.816558441558442	0.811708860759494	0.789473684210526	1.10416666666667	0.919685039370079	0.881386861313869	1.21052631578947	0.784053156146179	0.822147651006711	1.64440734557596	1.02272727272727	1.02415458937198	1.05405405405405	0.966101694915254	1.06766917293233	1	0.547169811320755	2.38255033557047	1.7027027027027	1.01754385964912	0.511520737327189	0.52051282051282	0.982300884955752	1.50306748466258	1.44761904761905	1.25	0.873684210526316	0.468085106382979	1.52	0.700440528634361	1.06976744186047	1.5968992248062	1.30909090909091	10.5	1.60597014925373
1195	1.25	0.318461538461539	1.4	1.20727848101266	1.22077922077922	1.20886075949367	1.31578947368421	0.90625	1.00629921259843	1.02189781021898	1	1.27242524916944	1.10738255033557	1.17863105175292	0.977272727272727	0.917874396135266	1.24903474903475	1.15254237288136	0.962406015037594	1.23529411764706	0.754716981132076	0.147651006711409	1.27027027027027	0.953216374269006	1.24654377880184	1.48717948717949	0.836283185840708	1.0838445807771	1.04761904761905	0.777027027027027	1.14736842105263	1.8936170212766	1.32	1.02643171806167	1.04651162790698	0.534883720930233	1.43939393939394	0.309375	1.2955223880597
996	1.43589743589744	0.741666666666667	1.14035087719298	1.28417037507947	1.27295918367347	1.28091312618897	0.651162790697674	0.868347338935574	1.11726384364821	1.1027216856892	1.26923076923077	1.86868686868687	1.00738552437223	1.36793893129771	0.969072164948454	1.2445652173913	2.90065264684554	1.31578947368421	0.647111111111111	1.24409448818898	6.41935483870968	0.458937198067633	1.08108108108108	0.938775510204082	1.27917981072555	0.906752411575563	0.987264391237901	0.639060568603214	0.659649122807017	0.545454545454545	0.994652406417112	1.34210526315789	1.35714285714286	0.867469879518072	1.46218487394958	1.80572597137014	1.94563986409966	4.61538461538461	1.58543417366947
943	0.605128205128205	1.91666666666667	1.35087719298246	0.757787666878576	0.756377551020408	0.755865567533291	0.344186046511628	1.35014005602241	0.90228013029316	0.935908691834943	2.23076923076923	0.326599326599327	1.27326440177253	0.580152671755725	0.762886597938144	0.470652173913043	5.80130529369108	0.508771929824561	1.54666666666667	0.614173228346457	0.870967741935484	1.05314009661836	1.06306306306306	1.42176870748299	0.646687697160883	1.14469453376206	0.489047376464595	1.74289245982695	1.69590643274854	1.54545454545455	0.502673796791444	1.10526315789474	0.521428571428571	1.69477911646586	0.932773109243698	0.867075664621677	0.579841449603624	0.282051282051282	0.106442577030812
1494	1.33333333333333	7.33333333333333	0.859649122807018	1.43674507310871	1.41581632653061	1.43310082435003	1.02325581395349	1.03641456582633	1.02442996742671	1.07111501316945	0.884615384615385	2.05723905723906	0.968980797636632	0.52824427480916	0.391752577319588	1.18478260869565	2.17548948513416	1.85964912280702	0.924444444444444	1.71653543307087	0.532258064516129	1.50724637681159	1.5975975975976	0.952380952380952	1.3391167192429	0.887459807073955	1.48751910341314	0.864029666254635	0.84093567251462	1.00909090909091	1.41176470588235	1.22368421052632	1.28571428571429	1.25301204819277	1.92436974789916	0.697341513292434	1.00566251415629	0.108461538461538	0.274509803921569
1174	0.425	1.07692307692308	1.26	0.60126582278481	0.61525974025974	0.602848101265823	1	0.916666666666667	1.13858267716535	1.2007299270073	0.947368421052632	0.953488372093023	1.13422818791946	1.0567612687813	1.61363636363636	1.40096618357488	3.08880308880309	2.94915254237288	0.864661654135338	2.72058823529412	0.811320754716981	0.570469798657718	0.628378378378378	0.941520467836257	0.640552995391705	1.01282051282051	1.7787610619469	0.573619631901841	0.601904761904762	1.11486486486486	2.14736842105263	1	0.372	1.30249632892805	1.3953488372093	1.69961240310077	1.26666666666667	1.125	1.2089552238806
1056	0.338461538461538	0.166666666666667	1.49122807017544	0.957406230133503	0.94515306122449	0.96005072923272	1.25581395348837	0.605042016806723	1.185667752443	1.17998244073749	3.15384615384615	0.801346801346801	1.17282127031019	1.65496183206107	0.680412371134021	1.32065217391304	1.59535895576505	0.719298245614035	0.498666666666667	0.708661417322835	0.645161290322581	0.879227053140097	0.276276276276276	0.546938775510204	1.09779179810726	1.12540192926045	1.05960264900662	1.03955500618047	1.02573099415205	0.663636363636364	0.780748663101604	0.736842105263158	0.678571428571428	1.18072289156626	1.65546218487395	1.31083844580777	1.19818799546999	14.7435897435897	3.703081232493
1248	0.85	0.302564102564102	1.66	0.686708860759494	0.698051948051948	0.689873417721519	0.947368421052632	1.01041666666667	1.02992125984252	0.912408759124088	1.26315789473684	1.38870431893688	1	2.28714524207012	3.52272727272727	0.763285024154589	1.77220077220077	2.25423728813559	1.00751879699248	2.01470588235294	0.90566037735849	0.899328859060403	0.560810810810811	1.00584795321637	0.76036866359447	1.18589743589744	1	0.94478527607362	1.02857142857143	0.506756756756757	1.63157894736842	2.21276595744681	0.84	0.681350954478708	0.511627906976744	1.17054263565891	0.439393939393939	2.03125	0.850746268656716
1466	0.728205128205128	0.475	0.403508771929825	0.658614113159568	0.655612244897959	0.656943563728599	0.790697674418605	0.789915966386555	1.25407166123779	1.17647058823529	1.15384615384615	1.32323232323232	1.14327917282127	2.3206106870229	1.89690721649485	1.30978260869565	0.807831762146483	1.36842105263158	0.96	1.32283464566929	0.467741935483871	0.260869565217391	0.402402402402402	0.904761904761905	0.695583596214511	1.29903536977492	1.60978094752929	0.244746600741656	0.340350877192983	0.363636363636364	1.08021390374332	1	0.664285714285714	1.19678714859438	1	0.730061349693252	1.07361268403171	1.03846153846154	1.34453781512605
1045	0.2	0.564102564102564	1.44	0.537974683544304	0.543831168831169	0.537974683544304	0.347368421052632	0.71875	1.16377952755906	0.702554744525547	1.10526315789474	0.976744186046512	0.483221476510067	5.82637729549249	0.840909090909091	1.00966183574879	0.536679536679537	0.661016949152542	0.609022556390977	0.691176470588235	2.81132075471698	0.718120805369128	0.432432432432433	0.701754385964912	0.615207373271889	0.128205128205128	1.34513274336283	0.866053169734151	0.841904761904762	0.939189189189189	0.557894736842105	1.1063829787234	0.308	0.731277533039648	0.325581395348837	1.2984496124031	0.536363636363636	2.28125	1.14328358208955
1331	1.84615384615385	0.0623333333333333	0.385964912280702	0.750158931977114	0.741071428571428	0.748256182625238	1.3953488372093	0.957983193277311	0.863192182410424	0.870939420544337	0.884615384615385	0.643097643097643	0.836041358936485	1.00458015267176	0.515463917525773	1.03804347826087	0.635242929659173	0.666666666666667	1.16444444444444	0.645669291338583	0.903225806451613	0.449275362318841	1.64564564564565	1.08163265306122	0.463722397476341	1.16398713826367	1.40601120733571	2.92954264524104	2.80701754385965	1.08181818181818	0.759358288770053	0.381578947368421	1.5	0.579116465863454	0.352941176470588	0.593047034764826	0.781426953567384	1.28205128205128	0.834733893557423
942	1.33333333333333	2.16666666666667	1.10526315789474	1.4113159567705	1.4030612244898	1.40773620798985	0.790697674418605	1.98879551820728	0.654723127035831	0.672519754170325	1.38461538461538	0.28956228956229	0.871491875923191	0.42442748091603	0.618556701030928	0.413586956521739	8.41189267585207	1.63157894736842	2.09777777777778	1.8740157480315	1.5	2.71497584541063	1.66966966966967	1.95918367346939	1.2807570977918	0.681672025723473	0.380030565461029	1.59456118665019	1.54385964912281	1.71818181818182	1.46524064171123	1.36842105263158	1	1.2289156626506	0.857142857142857	0.742331288343558	0.600226500566251	0.282051282051282	0.117647058823529
1363	3.48717948717949	3.33333333333333	5.21052631578947	0.534011443102352	0.502551020408163	0.535193405199746	1.72093023255814	1.57422969187675	0.9185667752443	0.867427568042142	0.846153846153846	2.17171717171717	0.847858197932053	1.88396946564886	1.7319587628866	0.760869565217391	0.189992748368383	1.26315789473684	1.28	1.41732283464567	2.12903225806452	1.6280193236715	0.582582582582583	1.45578231292517	0.443217665615142	0.90032154340836	0.442180336220071	1.24845488257108	1.28654970760234	3.12727272727273	1.35828877005348	1.13157894736842	3.07142857142857	0.771084337349398	0.38655462184874	1	0.772366930917327	3.20512820512821	3.26050420168067
1307	1.1	0.564102564102564	2.96	1.25158227848101	1.26623376623377	1.25158227848101	1.10526315789474	1.234375	0.737007874015748	0.793795620437956	1.21052631578947	0.87375415282392	0.805369127516778	0.525876460767947	0.886363636363636	0.806763285024155	0.128378378378378	0.779661016949153	1.11278195488722	0.794117647058823	2.13207547169811	1.26174496644295	1.25	1.18713450292398	1.32718894009217	0.801282051282051	0.845132743362832	2.15746421267894	2.04761904761905	2.20945945945946	0.8	0.617021276595745	1.12	0.955947136563877	0.767441860465116	0.841085271317829	0.812121212121212	1.875	1.23582089552239
976	1.6	1.17948717948718	0.34	1.55063291139241	1.55519480519481	1.55221518987342	2.89473684210526	1.078125	0.925984251968504	1.0036496350365	0.521052631578947	1.88372093023256	1.03691275167785	0.57762938230384	0.590909090909091	0.888888888888889	3.66795366795367	1.22033898305085	0.902255639097744	1.48529411764706	1.58490566037736	1.9261744966443	1.7027027027027	1.02923976608187	1.5668202764977	1.23076923076923	1.07964601769911	1.06339468302659	1.00952380952381	1.69594594594595	1.64210526315789	1.40425531914894	1.88	1.1086637298091	1.67441860465116	0.784883720930233	1.35454545454545	0.14375	0.307462686567164
957	2.46153846153846	0.0388333333333333	0.771929824561404	0.898919262555626	0.901785714285714	0.899175649968294	0.558139534883721	0.733893557422969	0.742671009771987	0.76558384547849	0.884615384615385	0.599326599326599	0.782865583456426	0.622900763358779	2.65979381443299	0.820652173913044	0.0965917331399565	0.175438596491228	0.731555555555556	0.992125984251968	0.725806451612903	0.415458937198068	1.0990990990991	0.795918367346939	0.787066246056782	0.583922829581994	0.92919001528273	4.06674907292954	4	1.35454545454545	0.802139037433155	1.07894736842105	1.71428571428571	0.963855421686747	1	1.0920245398773	0.985277463193658	2.05128205128205	0.235294117647059
1067	0.38974358974359	0.766666666666667	0.771929824561404	0.428480610298792	0.422193877551021	0.428662016487001	1.53488372093023	1.24929971988796	1.10260586319218	1.12028094820018	0.615384615384615	0.363636363636364	1.39143279172821	0.980152671755725	1.62886597938144	0.842391304347826	0.482958665699783	1.85964912280702	1.42222222222222	1.90551181102362	0.741935483870968	0.594202898550725	0.246246246246246	1.40136054421769	0.457413249211357	2.21221864951768	1.30412633723892	0.694684796044499	0.749707602339181	0.945454545454545	1.64705882352941	1.76315789473684	0.392857142857143	0.620883534136546	0.252100840336134	0.916155419222904	0.274065685164213	5.64102564102564	0.661064425770308
1299	0.8	1.12820512820513	1.6	1.01582278481013	1.01785714285714	1.01582278481013	1.73684210526316	1.125	0.828346456692913	0.910583941605839	0.789473684210526	1.04651162790698	0.909395973154362	0.414023372287145	0.75	0.942028985507246	1.43243243243243	1.59322033898305	1.15789473684211	1.51470588235294	0.415094339622641	1.12751677852349	0.959459459459459	1.11111111111111	1.10599078341014	0.961538461538462	1.15929203539823	1.94274028629857	1.84761904761905	0.743243243243243	1.43157894736842	2	0.72	0.922173274596182	0.441860465116279	1.07945736434109	0.696969696969697	0.625	1.17611940298507
1096	1.1	2.35897435897436	0.82	0.954113924050633	0.969155844155844	0.955696202531646	0.894736842105263	0.817708333333333	1.15433070866142	1.12408759124088	2.73684210526316	1.2624584717608	1.23489932885906	1.75292153589316	0.636363636363636	0.985507246376812	1.11389961389961	1.38983050847458	0.759398496240601	1.47058823529412	0.660377358490566	1.18120805369128	1.17567567567568	0.789473684210526	0.926267281105991	1.12179487179487	1.02654867256637	0.473415132924335	0.467619047619048	1.13513513513514	1.23157894736842	0.404255319148936	1.08	1.93832599118943	3.16279069767442	1.12984496124031	1.37575757575758	0.8125	0.874626865671642
1202	0.65	81.5384615384615	0.76	0.737341772151899	0.75	0.738924050632911	1.78947368421053	0.838541666666667	1.0755905511811	1.21167883211679	1.15789473684211	1.29900332225914	1.37248322147651	0.285475792988314	0.772727272727273	1.03381642512077	0.482625482625483	0.64406779661017	0.716541353383459	0.647058823529412	1.24528301886792	1.16107382550336	1.27027027027027	0.725146198830409	0.601382488479263	1.58333333333333	1.32743362831858	1.0838445807771	1.03809523809524	0.763513513513513	0.831578947368421	0.553191489361702	0.6	1.36563876651982	1.32558139534884	1.26744186046512	0.884848484848485	1.0625	0.880597014925373
1064	0.348717948717949	1	0.824561403508772	0.49205340114431	0.487244897959184	0.492073557387445	1.02325581395349	0.88515406162465	1.20358306188925	1.25373134328358	0.692307692307692	0.494949494949495	1.53028064992614	0.644274809160305	1.95876288659794	0.972826086956522	0.722262509064539	1.19298245614035	1.00444444444444	1.22834645669291	0.354838709677419	0.628019323671498	0.3003003003003	0.945578231292517	0.523659305993691	2.45659163987138	1.47733061640346	0.647713226205192	0.723976608187134	0.527272727272727	1.06951871657754	0.986842105263158	0.392857142857143	0.652208835341365	0.336134453781513	1.02862985685072	0.373725934314836	5.64102564102564	0.778711484593837
1359	0.594871794871795	77.3333333333333	1	0.606484424666243	0.584183673469388	0.607482561826252	1.81395348837209	1.64145658263305	0.789902280130293	0.674275680421422	0.3	3.67003367003367	0.629246676514033	2.88854961832061	2.04123711340206	0.336413043478261	0.179840464104424	0.087719298245614	0.507555555555556	0.850393700787402	2.2741935483871	0.318840579710145	0.192192192192192	0.741496598639456	0.678233438485804	0.527974276527331	0.149770759042282	1.97775030902349	1.98830409356725	1.8	1.00534759358289	1	0.7	0.68995983935743	0.428571428571429	0.901840490797546	0.52321630804077	1.26923076923077	1.06442577030812
940	0.902564102564102	4.33333333333333	1.56140350877193	0.858232676414495	0.850765306122449	0.856055802155992	0.558139534883721	1.75350140056022	0.853420195439739	0.884986830553117	1.76923076923077	0.306397306397306	1.19940915805022	0.482442748091603	0.577319587628866	0.460869565217391	11.0224800580131	1.17543859649123	1.99111111111111	1.37007874015748	1.16129032258065	1.53623188405797	1.06906906906907	1.80952380952381	0.763406940063092	0.983922829581994	0.454406520631686	1.14709517923362	1.11812865497076	1.38181818181818	1.05882352941176	1.25	0.857142857142857	1.70281124497992	1.05042016806723	0.838445807770961	0.593431483578709	0.230769230769231	0.0784313725490196
1152	1.95	3.07692307692308	0.52	1.01740506329114	1.03246753246753	1.01898734177215	1.21052631578947	2	0.636220472440945	0.68978102189781	3.10526315789474	0.388704318936877	0.634228187919463	0.345575959933222	1.34090909090909	0.826086956521739	6.75675675675676	3.11864406779661	1.87218045112782	2.98529411764706	3.09433962264151	2.49664429530201	1.25675675675676	2.00584795321637	0.951612903225806	0.390384615384615	0.820353982300885	1.44171779141104	1.4	3.32432432432432	2.37894736842105	1.23404255319149	1.72	1.10279001468429	1.55813953488372	0.922480620155039	0.86969696969697	1.71875	1.28955223880597
1384	1.12820512820513	0.258333333333333	0.719298245614035	0.775588048315321	0.756377551020408	0.774889029803424	2.46511627906977	1.13725490196078	1.11726384364821	1.14310798946444	0.884615384615385	0.666666666666667	1.41506646971935	0.986259541984733	2.06185567010309	0.809782608695652	0.417693981145758	1.14035087719298	1.31555555555556	1.07086614173228	1.16129032258065	0.797101449275362	0.804804804804805	1.23809523809524	0.725552050473186	1.69774919614148	0.964849719816607	0.483312731767614	0.574269005847953	0.690909090909091	1.29411764705882	0.947368421052632	1.14285714285714	1.14859437751004	0.403361344537815	1.43149284253579	0.593431483578709	2.56410256410256	1.32773109243697
1018	1.45	2.20512820512821	0.58	1.83544303797468	1.86688311688312	1.83544303797468	0.947368421052632	1.5	0.732283464566929	0.684306569343066	0.842105263157895	0.554817275747508	0.640939597315436	1.3873121869783	2.04545454545455	0.801932367149759	3.08880308880309	1.27118644067797	1.56390977443609	1.47058823529412	3.0377358490566	1.18791946308725	1.15540540540541	1.56140350877193	2.19354838709677	0.45	0.510619469026549	1.24744376278119	1.24761904761905	1.5472972972973	1.24210526315789	1.63829787234043	1.4	1.05139500734214	0.465116279069767	0.924418604651163	1.57575757575758	0.53125	1.61492537313433
1085	1.35	0.666666666666667	1.44	1.02056962025316	0.868506493506493	1.02215189873418	4.63157894736842	1.125	0.992125984251968	0.881386861313869	0.842105263157895	0.584717607973422	0.795302013422819	2.32053422370618	0.772727272727273	1.09661835748792	0.909266409266409	0.677966101694915	1.1203007518797	0.617647058823529	0.566037735849057	1.06040268456376	1.22297297297297	1.12865497076023	0.870967741935484	0.53525641025641	1.34513274336283	0.874233128834356	0.847619047619048	1.66216216216216	1.36842105263158	0.765957446808511	3.36	1.08663729809104	0.302325581395349	1.43023255813953	1.58484848484849	1.78125	0.638805970149254
1456	0.953846153846154	4.83333333333333	1.12280701754386	1.71646535282899	1.70918367346939	1.71211160431198	0.790697674418605	0.946778711484594	0.95114006514658	0.976294995610184	0.769230769230769	1.25252525252525	0.948301329394387	0.806106870229008	0.65979381443299	1.05978260869565	1.09499637418419	0.87719298245614	0.897777777777778	0.818897637795276	0.919354838709677	1.70048309178744	1.10510510510511	0.836734693877551	1.81388012618296	1.12540192926045	1.29393785022924	1.33498145859085	1.29824561403509	0.590909090909091	0.737967914438503	0.368421052631579	0.785714285714286	0.907630522088354	1.4453781512605	0.67280163599182	0.942242355605889	0.166666666666667	0.543417366946779
1255	0.75	1.48717948717949	2.28	1.05854430379747	1.0487012987013	1.06012658227848	2.10526315789474	0.973958333333333	1.06299212598425	1.11861313868613	0.842105263157895	1.43853820598007	1.1006711409396	1	0.636363636363636	1.15942028985507	0.586872586872587	0.864406779661017	0.962406015037594	0.764705882352941	0.622641509433962	1.67785234899329	0.966216216216216	0.87719298245614	1.16820276497696	0.871794871794872	0.634513274336283	0.693251533742331	0.672380952380952	0.418918918918919	0.978947368421053	0.595744680851064	0.72	1.02349486049927	0.906976744186047	2.32558139534884	3.54545454545455	0.59375	1.42388059701493
1141	1.65	0.338461538461538	1.4	1.93037974683544	1.98051948051948	1.94620253164557	0.631578947368421	0.802083333333333	1.04251968503937	1.15328467153285	1.42105263157895	0.335548172757475	1.20469798657718	0.397328881469115	0.977272727272727	1.256038647343	0.264478764478764	1.32203389830508	0.781954887218045	1.22058823529412	1.0188679245283	0.375838926174497	1.27027027027027	0.824561403508772	2.30414746543779	1.62179487179487	1.93805309734513	0.581799591002045	0.582857142857143	1.06756756756757	1	1.38297872340426	1.44	1.06314243759178	1.23255813953488	0.589147286821705	0.460606060606061	0.90625	0.608955223880597
1447	0.861538461538462	2.58333333333333	0.894736842105263	0.963763509218055	0.961734693877551	0.962587190868738	0.976744186046512	1.13725490196078	1	0.725197541703248	0.807692307692308	0.400673400673401	0.750369276218612	6.04580152671756	1.09278350515464	0.78804347826087	1.59535895576505	1.35087719298246	1.15555555555556	1.30708661417323	0.967741935483871	1.58454106280193	1.31531531531532	1.0952380952381	0.837539432176656	0.390353697749196	0.448293428425879	1.26081582200247	1.25146198830409	0.8	1.11229946524064	0.815789473684211	0.657142857142857	1.06827309236948	1.05882352941176	1.21267893660532	1.11664779161948	1.66666666666667	2.17366946778711
1329	2.05128205128205	0.06875	1.03508771929825	0.685314685314685	0.665816326530612	0.684844641724794	1.02325581395349	0.795518207282913	1.00325732899023	1.01668129938543	1	0.764309764309764	1.02511078286558	1.09312977099237	0.515463917525773	1.125	0.929659173313996	0.614035087719298	0.924444444444444	0.582677165354331	0.596774193548387	0.642512077294686	1.47747747747748	0.829931972789116	0.421135646687697	1.2604501607717	1.44676515537443	2.28677379480841	2.19883040935673	0.636363636363636	0.631016042780749	0.223684210526316	1.85714285714286	0.778313253012048	0.453781512605042	1.05521472392638	0.944507361268403	1.92307692307692	1.01960784313725
1407	2.56410256410256	0.2	0.789473684210526	1.26001271455817	1.21301020408163	1.2568167406468	1.76744186046512	0.890756302521008	1.01954397394137	1.02721685689201	1.07692307692308	1.87542087542088	0.960118168389956	1.21221374045801	0.762886597938144	1.09239130434783	1.070340826686	0.929824561403509	0.862222222222222	0.929133858267716	2.14516129032258	0.763285024154589	1.92792792792793	0.938775510204082	0.99211356466877	0.538263665594855	0.856851757514009	1.37206427688504	1.34502923976608	0.918181818181818	1.03743315508021	1.03947368421053	2.85714285714286	1.08433734939759	0.80672268907563	2.16768916155419	2.03624009060023	1.03846153846154	0.980392156862745
1426	0.902564102564102	0.675	1.7719298245614	0.845518118245391	0.841836734693878	0.849714648065948	0.744186046511628	0.739495798319328	1.20032573289902	1.15364354697103	4.26923076923077	1.70707070707071	1.02806499261448	2.4	2	1.34239130434783	0.529369108049311	0.982456140350877	0.658666666666667	0.913385826771654	1.29032258064516	0.594202898550725	0.708708708708709	0.741496598639456	0.845425867507887	1.28617363344051	0.818135506877229	0.65389369592089	0.736842105263158	1.20909090909091	0.79144385026738	0.776315789473684	0.785714285714286	0.907630522088354	1.64705882352941	0.695296523517382	2.04077010192525	0.705128205128205	3.18207282913165
1057	0.533333333333333	0.0714166666666667	0.807017543859649	1.05785123966942	1.02295918367347	1.0577045022194	1.72093023255814	0.571428571428571	1.21661237785016	1.23617208077261	2.5	0.804713804713805	1.26440177252585	1.25190839694656	0.577319587628866	1.33695652173913	2.46555474981871	0.807017543859649	0.536888888888889	0.803149606299213	0.354838709677419	0.845410628019324	0.33033033033033	0.541496598639456	1.18611987381703	1.28617363344051	1.16148751910341	0.803461063040791	0.794152046783626	0.272727272727273	0.941176470588235	0.671052631578947	1.78571428571429	1.22088353413655	2.14285714285714	1.38241308793456	1.28425821064553	11.1538461538462	2.80672268907563
1467	0.953846153846154	1.5	1	0.859504132231405	0.857142857142857	0.857324032974001	0.558139534883721	0.991596638655462	1.18078175895765	1.13257243195786	1.07692307692308	1.02693602693603	1.08124076809453	1.93282442748092	1.83505154639175	1.33695652173913	0.548223350253807	1.05263157894737	1.14666666666667	1.00787401574803	1	0.63768115942029	0.492492492492492	1.06122448979592	0.917981072555205	1.18971061093248	1.72185430463576	0.19159456118665	0.285380116959064	0.536363636363636	0.81283422459893	0.986842105263158	0.785714285714286	1.12449799196787	0.983193277310924	0.830265848670757	1.0554926387316	0.961538461538462	1.0812324929972
1396	0.81025641025641	0.291666666666667	0.701754385964912	1.16338207247298	1.13137755102041	1.16043119847812	1.81395348837209	1.27170868347339	0.988599348534202	1.02721685689201	1.26923076923077	1.66666666666667	1.08714918759232	0.60763358778626	1.07216494845361	0.891304347826087	1.74039158810732	0.929824561403509	1.31555555555556	0.913385826771654	1.03225806451613	1.65217391304348	0.684684684684685	1.27891156462585	1.23817034700315	0.92604501607717	0.654100866021396	0.857849196538937	0.872514619883041	1.23636363636364	1.04812834224599	1.36842105263158	1.07142857142857	0.979919678714859	0.361344537815126	2.06543967280164	1.80973952434881	1.79487179487179	0.862745098039216
1258	0.75	1.12820512820513	2.48	0.958860759493671	0.951298701298701	0.960443037974684	2.52631578947368	0.973958333333333	1.06299212598425	1.11678832116788	0.736842105263158	1.41860465116279	1.13422818791946	1.01502504173623	0.659090909090909	1.11111111111111	0.714285714285714	0.76271186440678	0.962406015037594	0.705882352941176	0.641509433962264	1.42953020134228	0.885135135135135	0.894736842105263	1.05299539170507	0.923076923076923	0.653097345132743	0.755623721881391	0.732380952380952	0.554054054054054	1.01052631578947	0.74468085106383	0.72	1.10279001468429	0.790697674418605	2.26744186046512	3.24242424242424	0.625	1.36119402985075
1184	1.65	21.025641025641	0.56	1.0379746835443	1.03896103896104	1.03955696202532	1.42105263157895	1.55729166666667	0.875590551181102	0.978102189781022	0.684210526315789	1.42857142857143	1.15771812080537	0.252086811352254	0.818181818181818	0.710144927536232	2.50965250965251	1.32203389830508	1.63157894736842	2.69117647058823	0.452830188679245	2.73825503355705	0.878378378378378	1.46783625730994	1.1036866359447	1.48076923076923	0.938053097345133	0.764826175869121	0.747619047619048	0.364864864864865	2.21052631578947	1.21276595744681	1.88	1.143906020558	1.04651162790698	0.676356589147287	0.751515151515152	0.40625	0.33134328358209
1066	0.461538461538462	2.91666666666667	1.98245614035088	0.479338842975207	0.473214285714286	0.478123018389347	1.02325581395349	1.82633053221289	0.972312703583062	1.01316944688323	0.615384615384615	0.356902356902357	1.2437223042836	0.403053435114504	1.4639175257732	0.782608695652174	0.477157360406091	2.54385964912281	1.88444444444444	2.50393700787402	1.20967741935484	2.47342995169082	0.276276276276276	1.7687074829932	0.511041009463722	1.90353697749196	1.18186449312277	0.357231149567367	0.422222222222222	0.827272727272727	1.93582887700535	1.65789473684211	0.464285714285714	0.594377510040161	0.302521008403361	0.977505112474438	0.310305775764439	4.35897435897436	0.61624649859944
1444	0.605128205128205	2.25	0.754385964912281	0.675143038779402	0.67219387755102	0.673430564362714	0.790697674418605	1.13725490196078	1.01954397394137	0.725197541703248	0.576923076923077	0.430976430976431	0.732644017725259	6.47328244274809	1.15463917525773	0.820652173913044	2.03045685279188	1.12280701754386	1.23555555555556	1.07086614173228	0.903225806451613	1.21256038647343	0.966966966966967	1.15646258503401	0.572555205047319	0.379421221864952	0.472745797249108	1.38442521631644	1.36842105263158	0.818181818181818	0.898395721925134	1.02631578947368	0.464285714285714	0.987951807228916	1.07563025210084	1.32106339468303	1.15515288788222	1.79487179487179	2.26330532212885
1289	0.395	1.53846153846154	0.9	1.61392405063291	1.63961038961039	1.61392405063291	1.84210526315789	0.911458333333333	0.965354330708661	1.08394160583942	0.894736842105263	1	1.30201342281879	0.295492487479132	0.727272727272727	0.835748792270531	1.27027027027027	1.33898305084746	0.864661654135338	1.20588235294118	0.830188679245283	1.66442953020134	0.621621621621622	0.847953216374269	2.09677419354839	1.11538461538462	0.982300884955752	1.09406952965235	1.04761904761905	0.472972972972973	1.23157894736842	1.4468085106383	0.44	2.23201174743025	1.7906976744186	1.20348837209302	1.07878787878788	0.165625	0.564179104477612
973	1.45	0.486153846153846	0.86	1.28322784810127	1.30357142857143	1.28481012658228	1.21052631578947	1.13020833333333	0.990551181102362	1.09124087591241	0.410526315789474	1.49833887043189	1.05704697986577	0.482470784641069	0.909090909090909	1.14492753623188	2.7027027027027	1.22033898305085	1.21052631578947	1.22058823529412	1.79245283018868	0.456375838926175	1.17567567567568	1.19883040935673	1.38018433179724	1.32051282051282	1.60176991150442	0.705521472392638	0.695238095238095	1.16216216216216	1.11578947368421	1.51063829787234	1.44	1.04698972099853	1.93023255813953	0.732558139534884	1.1969696969697	0.1375	0.229850746268657
1170	0.405	1.02564102564103	0.66	0.444620253164557	0.452922077922078	0.444620253164557	1	0.828125	1.13700787401575	1.23175182481752	0.736842105263158	0.578073089700997	1.17114093959732	0.766277128547579	2.15909090909091	1.48792270531401	2.31660231660232	2.23728813559322	0.701503759398496	2.08823529411765	1.30188679245283	0.476510067114094	0.554054054054054	0.859649122807017	0.435483870967742	1.26282051282051	2.16814159292035	0.834355828220859	0.867619047619048	1.2972972972973	1.70526315789474	2.48936170212766	0.368	1.48311306901615	0.976744186046512	0.934108527131783	0.775757575757576	0.625	0.994029850746269
1130	0.275	0.512820512820513	1.36	0.629746835443038	0.616883116883117	0.631329113924051	0.789473684210526	1.30208333333333	1.05984251968504	0.981751824817518	1.84210526315789	2.3156146179402	1.19463087248322	1.93656093489149	3.79545454545455	0.526570048309179	2.8957528957529	3.05084745762712	1.21804511278195	2.75	5.94339622641509	0.557046979865772	0.432432432432433	1.37426900584795	0.730414746543779	1.57051282051282	0.333628318584071	0.204498977505112	0.34952380952381	0.993243243243243	2.12631578947368	1.38297872340426	0.68	0.906020558002937	1.67441860465116	0.862403100775194	0.863636363636364	1.46875	1.05970149253731
1129	0.465	0.615384615384615	1.1	0.636075949367089	0.646103896103896	0.636075949367089	0.736842105263158	1.54166666666667	0.98740157480315	0.815693430656934	1.10526315789474	1.6578073089701	1.02348993288591	2.70450751252087	3.68181818181818	0.436714975845411	2.12355212355212	1.88135593220339	1.63157894736842	1.73529411764706	3.64150943396226	0.691275167785235	0.587837837837838	1.64327485380117	0.695852534562212	1.28846153846154	0.348672566371681	0.199386503067485	0.340952380952381	1.38513513513514	1.38947368421053	2.29787234042553	0.48	0.939794419970632	1.02325581395349	0.705426356589147	0.606060606060606	1	0.791044776119403
1159	2.95	0.248205128205128	1.32	1.12183544303797	1.13149350649351	1.12341772151899	0.578947368421053	0.65625	1.00472440944882	1.01459854014599	0.894736842105263	3.14950166112957	0.969798657718121	1.26711185308848	2.86363636363636	0.826086956521739	NA	0.64406779661017	0.576691729323308	0.602941176470588	0.867924528301887	0.496644295302013	1.7972972972973	0.654970760233918	0.86405529953917	1.08974358974359	0.752212389380531	1.55419222903885	1.56190476190476	1.50675675675676	0.557894736842105	0.680851063829787	2.64	0.889867841409692	2.34883720930233	1.10658914728682	1.33939393939394	0.34375	0.952238805970149
1434	0.512820512820513	1.08333333333333	1.12280701754386	0.87603305785124	0.873724489795918	0.873811033608117	0.423255813953488	1.49019607843137	0.9185667752443	0.879719051799824	3.07692307692308	0.841750841750842	0.880354505169867	1.46564885496183	1.69072164948454	0.929347826086957	0.155184916606236	0.894736842105263	1.54666666666667	0.960629921259842	2.24193548387097	1.85990338164251	0.822822822822823	1.49659863945578	0.859621451104101	0.662379421221865	0.440142638818135	1.09394313967862	1.13099415204678	1.45454545454545	0.748663101604278	1.17105263157895	0.5	0.963855421686747	0.680672268907563	1.49079754601227	1.59909399773499	0.91025641025641	2.72829131652661
965	0.1	0.374358974358974	1.66	0.439873417721519	0.428571428571429	0.439873417721519	1.10526315789474	0.75	1.17165354330709	1.26459854014599	0.894736842105263	1.29900332225914	1.38255033557047	0.813021702838063	3.36363636363636	1.15942028985507	2.31660231660232	0.779661016949153	0.730827067669173	0.823529411764706	0.943396226415094	0.241610738255034	0.398648648648649	0.771929824561403	0.483870967741935	2.03846153846154	0.902654867256637	0.714723926380368	0.806666666666667	1.24324324324324	0.810526315789474	0.680851063829787	0.348	1.01468428781204	1.16279069767442	0.467054263565891	1.16666666666667	0.34375	2.82686567164179
1088	1.45	0.871794871794872	2.72	0.957278481012658	0.76461038961039	0.963607594936709	4.94736842105263	1.1875	0.924409448818898	0.771897810218978	0.842105263157895	0.800664451827243	0.587248322147651	2.65442404006678	1.31818181818182	1.07246376811594	0.88996138996139	0.440677966101695	1.10526315789474	0.411764705882353	1.20754716981132	1.49664429530201	1.18243243243243	1.12280701754386	0.735023041474654	0.228205128205128	1.17699115044248	1.21676891615542	1.19047619047619	1.49324324324324	1.29473684210526	0.765957446808511	4.4	0.775330396475771	0.206976744186047	1.54651162790698	1.85454545454545	2.15625	0.808955223880597
1119	0.55	0.111794871794872	0.44	0.802215189873418	0.818181818181818	0.802215189873418	1.31578947368421	0.493229166666667	1.16850393700787	1.14416058394161	1.52631578947368	1.45514950166113	0.808724832214765	1.80300500834725	1	1.63768115942029	0.515444015444016	0.745762711864407	0.371428571428571	0.852941176470588	1.05660377358491	0.456375838926175	0.371621621621622	0.500584795321637	1.00921658986175	0.482692307692308	0.982300884955752	1.10429447852761	1.06666666666667	1.32432432432432	0.873684210526316	0.574468085106383	0.52	1.06461086637298	0.813953488372093	1.33720930232558	1.35151515151515	7.59375	5.37313432835821
1416	2.05128205128205	1.08333333333333	0.789473684210526	1.57660521296885	1.54336734693878	1.57260621433101	1.44186046511628	0.929971988795518	0.972312703583062	0.988586479367866	1.34615384615385	1.79461279461279	0.960118168389956	0.952671755725191	1.50515463917526	0.989130434782609	0.443799854967368	0.684210526315789	0.666666666666667	0.803149606299213	1.32258064516129	2.28985507246377	1.46546546546547	0.755102040816327	1.51892744479495	1.13826366559486	0.994396332144677	1.29789864029666	1.32163742690058	1.34545454545455	0.887700534759358	0.657894736842105	2.35714285714286	0.891566265060241	0.873949579831933	0.756646216768916	1.12797281993205	0.846153846153846	1.33333333333333
1038	1.65	2.25641025641026	0.178	0.694620253164557	0.711038961038961	0.69620253164557	1.36842105263158	1.875	0.724409448818898	0.72992700729927	0.505263157894737	0.501661129568106	0.708053691275168	0.869782971619366	1.06818181818182	0.830917874396135	3.08880308880309	1.42372881355932	2.21804511278195	1.77941176470588	1.18867924528302	1.16107382550336	1.33783783783784	1.99415204678363	0.47926267281106	0.494230769230769	0.938053097345133	1.32924335378323	1.28571428571429	1.52702702702703	1.55789473684211	0.595744680851064	1.36	1.02349486049927	1.27906976744186	1.14341085271318	0.83030303030303	1.71875	1
1194	1.15	0.82051282051282	1.54	0.912974683544304	0.925324675324675	0.912974683544304	0.894736842105263	0.973958333333333	1.04251968503937	1.11861313868613	1.05263157894737	1.2093023255814	1.21812080536913	0.759599332220367	0.818181818181818	1.02415458937198	0.521235521235521	0.983050847457627	1.06766917293233	0.941176470588235	0.679245283018868	0.476510067114094	0.97972972972973	1	0.928571428571429	1.63461538461538	0.782300884955752	0.912065439672802	0.883809523809524	0.871621621621622	0.852631578947369	0.936170212765958	1.12	1.08223201174743	1.2093023255814	0.641472868217054	1.82727272727273	0.375	1.73731343283582
1290	0.5	3.43589743589744	1.94	1.21993670886076	1.24350649350649	1.21993670886076	1.10526315789474	1.08854166666667	0.869291338582677	0.968978102189781	0.947368421052632	1.03986710963455	1.13758389261745	0.320534223706177	0.772727272727273	0.768115942028986	1.02123552123552	1.1864406779661	0.992481203007519	1.07352941176471	1.33962264150943	2.05369127516779	0.47972972972973	0.976608187134503	1.57834101382488	0.987179487179487	0.869911504424779	1.61554192229039	1.53333333333333	0.756756756756757	0.989473684210526	1.65957446808511	0.52	1.95301027900147	1.58139534883721	1.00193798449612	0.972727272727273	0.1375	0.644776119402985
1089	1.1	0.512820512820513	2.04	1.04430379746835	1	1.04746835443038	4.31578947368421	1.01041666666667	1.05196850393701	0.97992700729927	1	0.740863787375415	0.949664429530201	1.96994991652755	0.954545454545454	1.10628019323672	0.586872586872587	0.932203389830508	0.947368421052632	0.838235294117647	1.09433962264151	1.00671140939597	1.03378378378378	0.988304093567251	1.04838709677419	0.865384615384615	1.46902654867257	0.688139059304704	0.680952380952381	1.20945945945946	1.46315789473684	1.17021276595745	2.04	0.916299559471366	0.225581395348837	1.4922480620155	1.23636363636364	2.53125	0.656716417910448
1227	0.95	1.33333333333333	0.68	0.669303797468354	0.678571428571428	0.669303797468354	0.736842105263158	1.29166666666667	0.818897637795276	0.740875912408759	1.05263157894737	0.554817275747508	0.664429530201342	1.83639398998331	1.40909090909091	0.917874396135266	0.808880308880309	0.76271186440678	1.22556390977444	0.852941176470588	1.28301886792453	2.02013422818792	1.51351351351351	1.25146198830409	0.405529953917051	0.470512820512821	0.982300884955752	1.87116564417178	1.80952380952381	2.31756756756757	0.768421052631579	0.702127659574468	0.92	0.555066079295154	0.790697674418605	1.07751937984496	1.0030303030303	9.59375	1.27761194029851
1385	1.33333333333333	0.516666666666667	0.649122807017544	0.692943420216148	0.67219387755102	0.691185795814838	2.65116279069767	1.6750700280112	0.970684039087948	0.992098331870061	0.730769230769231	0.552188552188552	1.24963072378139	0.867175572519084	2.18556701030928	0.673913043478261	0.453952139231327	1.12280701754386	1.90222222222222	1.05511811023622	2.41935483870968	1.35748792270531	0.834834834834835	1.80952380952381	0.608832807570978	1.47266881028939	0.804890473764646	0.480840543881335	0.578947368421053	1.34545454545455	1.3475935828877	1.31578947368421	1.42857142857143	1.09236947791165	0.394957983193277	1.13905930470348	0.475651189127973	1.66666666666667	1.10924369747899
1436	0.635897435897436	0.75	1.15789473684211	1.17355371900826	1.16964285714286	1.17057704502219	0.604651162790698	1.19887955182073	1.00162866449511	1.00614574187884	2.07692307692308	0.696969696969697	1.1314623338257	1.06564885496183	1.50515463917526	0.885869565217391	0.17258883248731	1.08771929824561	1.29777777777778	1.05511811023622	1.46774193548387	1.02898550724638	1.01501501501502	1.25850340136054	1.17350157728707	0.726688102893891	0.507386653082017	0.839307787391842	0.87953216374269	0.990909090909091	0.855614973262032	1.31578947368421	0.621428571428571	1.30923694779116	0.798319327731092	2.1881390593047	1.59229898074745	0.692307692307692	1.86554621848739
1077	1	2.05128205128205	1.56	1.11708860759494	1.13961038961039	1.11708860759494	1.10526315789474	0.848958333333333	0.932283464566929	0.89963503649635	3.73684210526316	2.27574750830565	0.771812080536913	1.52921535893155	2.20454545454545	0.903381642512077	0.28957528957529	0.627118644067797	0.749624060150376	0.558823529411765	0.716981132075472	2.20805369127517	1.02027027027027	0.707602339181286	1.22811059907834	0.446794871794872	0.964601769911504	1.67689161554192	1.65714285714286	0.391891891891892	0.621052631578947	1.34042553191489	0.88	1.25991189427313	1.06976744186047	1.36046511627907	1.38181818181818	1.21875	0.841791044776119
997	2.66666666666667	0.825	0.87719298245614	1.61474888747616	1.60714285714286	1.61065313887127	0.604651162790698	0.985994397759104	1.01465798045603	0.988586479367866	1.19230769230769	1.38047138047138	0.880354505169867	1.42290076335878	0.927835051546392	1.20108695652174	2.61058738216099	1.6140350877193	0.715555555555556	1.54330708661417	7.62903225806452	0.734299516908213	1.2012012012012	1.05442176870748	1.62460567823344	0.790996784565916	1.00560366785532	0.839307787391842	0.846783625730994	0.681818181818182	1.18716577540107	1.10526315789474	2.21428571428571	0.77991967871486	1.26890756302521	1.50306748466258	1.74631936579841	5	1.703081232493
1162	2.1	0.717948717948718	0.94	0.813291139240506	0.816558441558442	0.813291139240506	0.684210526315789	1.17708333333333	0.907086614173228	0.937956204379562	0.789473684210526	2.38870431893688	0.919463087248322	0.98330550918197	2.61363636363636	0.806763285024155	1.003861003861	1.22033898305085	1.13533834586466	1.13235294117647	2.54716981132075	0.563758389261745	1.18243243243243	1.24561403508772	0.668202764976959	1.12820512820513	0.789380530973451	1.37014314928425	1.39047619047619	2.14864864864865	0.947368421052632	1.76595744680851	1.96	0.81791483113069	1.55813953488372	0.790697674418605	1.25151515151515	0.2875	0.886567164179105
1464	0.974358974358974	0.666666666666667	0.666666666666667	0.985378258105531	0.987244897959184	0.98287888395688	0.558139534883721	0.823529411764706	1.20358306188925	1.16769095697981	1.07692307692308	1.03703703703704	1.08124076809453	1.79847328244275	2.12371134020619	1.44565217391304	0.661348803480783	1.35087719298246	0.942222222222222	1.29133858267717	0.758064516129032	0.463768115942029	0.594594594594595	0.904761904761905	1.04889589905363	1.22829581993569	1.92562404482934	0.213844252163164	0.32280701754386	0.590909090909091	1.00534759358289	0.763157894736842	0.785714285714286	1.1004016064257	1.04201680672269	0.760736196319018	1.04416761041903	0.871794871794872	1.04201680672269
1126	0.31	0.491282051282051	1.36	0.659810126582278	0.668831168831169	0.659810126582278	0.736842105263158	1	1.14015748031496	1.03284671532847	1.42105263157895	2.11627906976744	1.28859060402685	2.42070116861436	3.97727272727273	0.555555555555556	4.82625482625483	2.45762711864407	0.947368421052632	2.26470588235294	1.45283018867925	0.912751677852349	0.472972972972973	1.00584795321637	0.778801843317972	1.67948717948718	0.456637168141593	0.247443762781186	0.397142857142857	0.939189189189189	1.76842105263158	1.53191489361702	0.364	1.20558002936858	1.6046511627907	0.707364341085271	0.742424242424243	1.09375	0.955223880597015
1029	1.45	1.33333333333333	1.52	1.08860759493671	1.10227272727273	1.09018987341772	0.842105263157895	0.739583333333333	1.1511811023622	1.3029197080292	0.842105263157895	0.887043189368771	1.22818791946309	0.230383973288815	1	1.54589371980676	0.38996138996139	0.64406779661017	0.827067669172932	0.823529411764706	0.320754716981132	0.409395973154362	1.35810810810811	0.748538011695906	1.04147465437788	1.58974358974359	1.97345132743363	0.542944785276074	0.548571428571429	0.351351351351351	0.757894736842105	0.787234042553192	1.4	0.998531571218796	0.813953488372093	0.792635658914729	0.775757575757576	2.78125	2.02985074626866
1486	0.964102564102564	2.25	1.71929824561403	0.723458359821996	0.704081632653061	0.72289156626506	3.16279069767442	2.08403361344538	0.607491856677524	0.633889376646181	0.730769230769231	0.461279461279461	0.567208271787297	0.329770992366412	0.804123711340206	0.83695652173913	1.8854242204496	1.1578947368421	2.22222222222222	1.16535433070866	1.93548387096774	2.53623188405797	0.768768768768769	2.08163265306122	0.675078864353312	0.455948553054662	0.891492613346918	2.39802224969098	2.31578947368421	1.89090909090909	1.52941176470588	1.25	0.928571428571428	0.721285140562249	1.01680672268908	0.627811860940695	0.919592298980747	0.217948717948718	0.756302521008403
1247	1	0.262051282051282	0.38	0.892405063291139	0.907467532467532	0.897151898734177	1.21052631578947	1.04166666666667	1.03937007874016	1.01277372262774	1.21052631578947	1.25913621262458	1.19127516778524	1.53923205342237	2.93181818181818	0.768115942028986	4.63320463320463	2.55932203389831	1.06015037593985	2.30882352941176	0.773584905660377	0.926174496644295	0.716216216216216	1.07602339181287	1	1.52564102564103	1.01769911504425	0.711656441717791	0.785714285714286	0.432432432432433	1.89473684210526	3.25531914893617	0.96	0.707782672540382	0.511627906976744	1.2015503875969	0.5	2.09375	0.776119402985075
1028	0.95	1.17948717948718	1.72	0.731012658227848	0.733766233766234	0.732594936708861	0.484210526315789	0.588541666666667	1.25354330708661	1.41788321167883	0.947368421052632	1.2624584717608	1.25503355704698	0.287145242070117	1.02272727272727	1.7536231884058	NA	0.677966101694915	0.583458646616541	0.661764705882353	0.622641509433962	0.590604026845638	1.04054054054054	0.55906432748538	0.652073732718894	1.47435897435897	1.91150442477876	0.408997955010225	0.423809523809524	0.418918918918919	0.568421052631579	0.659574468085106	1	1	0.86046511627907	1.26356589147287	1.44545454545455	3.4375	2.86268656716418
984	2.97435897435897	1.5	0.982456140350877	1.16846789574062	1.1530612244898	1.16677235256817	0.465116279069767	1.0140056022409	1.13680781758958	1.19754170324846	1.69230769230769	0.94949494949495	1.32348596750369	0.4	0.701030927835052	1.09239130434783	3.7708484408992	0.43859649122807	1.11111111111111	0.456692913385827	0.919354838709677	1.29951690821256	1.25525525525526	0.993197278911565	1.05993690851735	1.38906752411576	1.52827305145186	0.315203955500618	0.338011695906433	0.436363636363636	0.427807486631016	0.868421052631579	2.64285714285714	1.42168674698795	1.29411764705882	1.10429447852761	0.668176670441676	0.397435897435897	0.34733893557423
1245	1.15	0.223589743589744	0.26	0.982594936708861	1	0.987341772151899	1.36842105263158	1.359375	0.889763779527559	0.79014598540146	1.05263157894737	1.20265780730897	0.902684563758389	1.90317195325543	2.56818181818182	0.608695652173913	2.8957528957529	2.8135593220339	1.42857142857143	2.57352941176471	1.45283018867925	1.26845637583893	1.02027027027027	1.40350877192982	1.02073732718894	1.1474358974359	0.756637168141593	1.02249488752556	1.06666666666667	0.506756756756757	2.11578947368421	3.14893617021277	1.08	0.575624082232012	0.279069767441861	0.874031007751938	0.357575757575758	1.75	0.814925373134328
1427	0.656410256410256	1.08333333333333	1.82456140350877	1.01462174189447	1.0140306122449	1.01712111604312	1.30232558139535	0.88515406162465	1.16612377850163	1.15891132572432	3.92307692307692	1.2996632996633	1.1698670605613	1.65801526717557	1.52577319587629	1.16304347826087	0.665699782451052	1.2280701754386	0.850666666666667	1.1496062992126	1.16129032258065	0.714975845410628	0.732732732732733	0.891156462585034	1.03470031545741	1.56270096463023	0.874172185430464	0.4610630407911	0.527485380116959	1.16363636363636	1.09090909090909	0.710526315789474	0.557142857142857	1.01204819277108	1.77310924369748	0.562372188139059	1.52887882219706	0.551282051282051	2.24089635854342
1173	0.43	0.923076923076923	1.04	0.623417721518987	0.636363636363636	0.623417721518987	0.578947368421053	1.61458333333333	0.877165354330709	0.875912408759124	0.631578947368421	0.800664451827243	0.822147651006711	1.26043405676127	2.29545454545455	1.00966183574879	2.12355212355212	1.42372881355932	1.84210526315789	1.35294117647059	2.20754716981132	0.604026845637584	0.824324324324324	1.72514619883041	0.601382488479263	0.820512820512821	1.14159292035398	0.844580777096115	0.882857142857143	1.40540540540541	1.08421052631579	1.59574468085106	0.4	0.839941262848752	0.790697674418605	1.12209302325581	0.951515151515152	0.78125	1.36417910447761
1484	1.02564102564103	5	1.64912280701754	0.966306420851875	0.906887755102041	0.965123652504756	4.04651162790698	1.9047619047619	0.682410423452769	0.714661984196664	0.730769230769231	0.464646464646465	0.617429837518464	0.320610687022901	1.01030927835052	0.989130434782609	0.907904278462654	0.684210526315789	1.87555555555556	0.661417322834646	1.03225806451613	3.3719806763285	1.06306306306306	1.72108843537415	0.894321766561514	0.473311897106109	1.07997962302598	1.97775030902349	1.92982456140351	1.51818181818182	1.37967914438503	0.789473684210526	1.14285714285714	0.835341365461847	1.47058823529412	0.638036809815951	1.08493771234428	0.192307692307692	0.582633053221288
1496	1.84615384615385	8.58333333333333	0.789473684210526	1.19898283534647	1.18494897959184	1.19594166138237	0.930232558139535	1.15966386554622	0.939739413680782	0.979806848112379	0.653846153846154	2	0.892171344165436	0.534351145038168	0.412371134020619	1.05978260869565	2.75562001450326	1.49122807017544	1.04	1.38582677165354	0.758064516129032	1.94202898550725	1.54354354354354	1.04081632653061	1.03943217665615	1.04180064308682	1.35506877228732	1.47095179233622	1.41520467836257	0.954545454545454	1.16577540106952	1.32894736842105	1.5	0.875502008032129	0.991596638655462	0.631901840490798	0.969422423556059	0.243589743589744	0.386554621848739
1446	0.912820512820513	1.58333333333333	1.12280701754386	0.795931341385887	0.793367346938776	0.793912492073557	0.744186046511628	1.07002801120448	1.07980456026059	0.842844600526778	0.730769230769231	0.461279461279461	0.886262924667652	5.52671755725191	1.17525773195876	0.896739130434783	1.21537345902828	1.21052631578947	1.14666666666667	1.13385826771654	0.709677419354839	1.18357487922705	1.21321321321321	1.07482993197279	0.652996845425867	0.467524115755627	0.621497707590423	0.96044499381953	0.974269005847953	0.809090909090909	0.941176470588235	0.921052631578947	0.714285714285714	1.23694779116466	1.36974789915966	1.47239263803681	1.21177802944507	1.66666666666667	1.88795518207283
956	3.79487179487179	0.125	1.19298245614035	1.30959949141767	1.31377551020408	1.30627774254914	0.604651162790698	0.873949579831933	0.700325732899023	0.726953467954346	0.923076923076923	0.626262626262626	0.732644017725259	0.461068702290076	2.61855670103093	0.78804347826087	0.218999274836838	0.16140350877193	0.870222222222222	1.1496062992126	0.709677419354839	0.830917874396135	1.6996996996997	0.891156462585034	1.11356466876972	0.468810289389067	0.70096790626592	3.67119901112485	3.62573099415205	1.01818181818182	0.919786096256684	1.22368421052632	2.64285714285714	0.85140562248996	3.27731092436975	1.37832310838446	0.736126840317101	1.79487179487179	0.218487394957983
1406	1.94871794871795	0.225	1.47368421052632	1.70375079465989	1.68367346938775	1.6994292961319	1.30232558139535	0.879551820728291	0.972312703583062	0.969271290605794	1.07692307692308	2.11784511784512	0.89807976366322	1.32213740458015	0.65979381443299	0.989130434782609	0.277012327773749	0.771929824561403	0.915555555555556	0.803149606299213	1.74193548387097	0.521739130434783	2.17417417417417	0.931972789115646	1.50630914826498	0.446302250803859	0.673458991339786	1.33498145859085	1.29824561403509	0.881818181818182	0.844919786096257	0.776315789473684	1.85714285714286	0.971887550200803	0.781512605042017	2.31083844580777	2.02944507361268	0.897435897435897	0.941176470588235
1017	0.85	1.74358974358974	0.28	1.24683544303797	1.27272727272727	1.24841772151899	0.947368421052632	1.22395833333333	0.845669291338583	0.766423357664234	0.842105263157895	0.750830564784053	0.640939597315436	1.81969949916528	2.36363636363636	0.990338164251208	0.613899613899614	0.694915254237288	1.28571428571429	0.867647058823529	2.75471698113208	0.912751677852349	0.864864864864865	1.28070175438597	1.47235023041475	0.46474358974359	0.66283185840708	1.41104294478528	1.41904761904762	1.43918918918919	0.810526315789474	1	0.8	1.00734214390602	0.488372093023256	0.928294573643411	1.85757575757576	0.59375	1.97910447761194
955	3.58974358974359	0.0916666666666667	1.47368421052632	1.18881118881119	1.19260204081633	1.18833227647432	0.930232558139535	0.985994397759104	0.728013029315961	0.749780509218613	1.07692307692308	0.754208754208754	0.765140324963072	0.63206106870229	3.56701030927835	0.771739130434783	0.384336475707034	0.228070175438597	1.01333333333333	1.40157480314961	0.741935483870968	0.531400966183575	1.42942942942943	1.06122448979592	1.03943217665615	0.509967845659164	0.713194090677534	3.26328800988875	3.29824561403509	1.41818181818182	1.16577540106952	1.51315789473684	2.5	0.811244979919679	0.915966386554622	1.59100204498978	1.28878822197055	1.92307692307692	0.224089635854342
1163	2.55	1.28205128205128	1.54	1.02215189873418	1.03084415584416	1.02373417721519	0.736842105263158	1.77083333333333	0.733858267716536	0.757299270072993	0.736842105263158	1.87375415282392	0.728187919463087	0.818030050083473	2.47727272727273	0.676328502415459	1.93050193050193	1.89830508474576	1.74436090225564	1.76470588235294	3.62264150943396	1.11409395973154	1.47297297297297	1.84795321637427	0.850230414746544	0.871794871794872	0.700884955752212	1.20654396728016	1.21904761904762	2.7972972972973	1.41052631578947	2.04255319148936	2.36	0.712187958883994	2.06976744186046	0.616279069767442	0.878787878787879	0.20625	0.683582089552239
1297	0.9	0.469230769230769	1.88	1.17405063291139	1.18668831168831	1.1756329113924	1.78947368421053	0.984375	0.894488188976378	0.985401459854015	0.789473684210526	0.910299003322259	0.996644295302013	0.442404006677796	1.04545454545455	1.02898550724638	0.920849420849421	1.23728813559322	1.00751879699248	1.16176470588235	0.641509433962264	0.530201342281879	0.952702702702703	1	1.33640552995392	0.993589743589744	1.33628318584071	1.67689161554192	1.60952380952381	0.912162162162162	1.2	1.80851063829787	0.8	1.09691629955947	0.674418604651163	1.26937984496124	0.742424242424243	0.5625	1.02985074626866
1148	1.2	1.28205128205128	1.2	0.82753164556962	0.836038961038961	0.829113924050633	0.894736842105263	1.4375	0.836220472440945	0.857664233576642	3.84210526315789	0.54485049833887	0.74496644295302	0.911519198664441	1.27272727272727	1.08212560386473	0.996138996138996	0.983050847457627	1.4812030075188	0.911764705882353	3	1.46308724832215	0.905405405405406	1.44444444444444	0.831797235023041	0.416666666666667	1.05309734513274	1.39059304703476	1.34285714285714	1.15540540540541	0.831578947368421	1.80851063829787	1.12	1.15271659324523	1.32558139534884	1.3546511627907	1.17575757575758	2.84375	1.78805970149254
1278	1	0.923076923076923	0.128	1.53639240506329	1.55519480519481	1.5379746835443	2.52631578947368	0.953125	1.06771653543307	1.07299270072993	0.947368421052632	2.11295681063123	1.2248322147651	1.26544240400668	0.222727272727273	0.763285024154589	NA	0.76271186440678	1.09022556390977	0.720588235294118	0.981132075471698	0.718120805369128	1.39864864864865	1	1.69124423963134	1.62820512820513	0.911504424778761	0.413087934560327	0.394285714285714	0.587837837837838	1.03157894736842	0.425531914893617	1.12	0.769456681350955	0.674418604651163	1.08139534883721	0.854545454545454	0.90625	0.71044776119403
1487	0.943589743589744	15.1666666666667	1.45614035087719	0.924348378893833	0.891581632653061	0.922003804692454	5.3953488372093	1.5406162464986	0.754071661237785	0.793678665496049	0.807692307692308	0.508417508417508	0.744460856720827	0.293129770992366	0.824742268041237	0.994565217391304	0.865844815083394	1.01754385964912	1.26222222222222	0.976377952755905	1.01612903225806	2.36714975845411	0.810810810810811	1.35374149659864	0.911671924290221	0.576205787781351	1.19205298013245	2.28677379480841	2.21052631578947	2.02727272727273	1.9144385026738	1.38157894736842	1	1.07630522088353	1.63025210084034	0.560327198364008	0.810872027180068	0.153846153846154	0.633053221288515
1224	0.9	1.48717948717949	0.74	0.981012658227848	0.983766233766234	0.982594936708861	1.05263157894737	1.74479166666667	0.733858267716536	0.695255474452555	0.736842105263158	0.578073089700997	0.654362416107383	1.37729549248748	1.43181818181818	0.806763285024155	0.878378378378379	0.728813559322034	1.5187969924812	0.867647058823529	1	5.9261744966443	2.10810810810811	1.42105263157895	0.640552995391705	0.647435897435897	0.991150442477876	1.32924335378323	1.2952380952381	1.65540540540541	0.831578947368421	0.702127659574468	1.16	0.494860499265786	0.511627906976744	0.817829457364341	0.73030303030303	5.8125	0.856716417910448
1118	0.7	0.450769230769231	0.26	0.914556962025316	0.931818181818182	0.914556962025316	1.26315789473684	0.645833333333333	1.17952755905512	1.20802919708029	1.26315789473684	1.46179401993355	1.05704697986577	1.35058430717863	0.977272727272727	1.44927536231884	0.127220077220077	0.864406779661017	0.552631578947368	0.867647058823529	1.16981132075472	0.879194630872483	0.425675675675676	0.64327485380117	1.14516129032258	0.653846153846154	1	0.652351738241309	0.64952380952381	1.36486486486486	0.873684210526316	0.361702127659574	0.64	1.36270190895742	0.906976744186047	2.01550387596899	1.54242424242424	4.96875	3.94029850746269
1115	0.65	0.297435897435897	1	1.02848101265823	1.0487012987013	1.03006329113924	1.10526315789474	0.51875	1.21102362204724	1.24817518248175	1.15789473684211	1.45182724252492	1.16442953020134	1.29549248747913	1.04545454545455	1.40579710144928	0.521235521235521	0.813559322033898	0.425563909774436	0.852941176470588	0.773584905660377	0.610738255033557	0.486486486486487	0.5	1.29493087557604	0.820512820512821	0.920353982300885	0.629856850715746	0.630476190476191	1.00675675675676	0.831578947368421	0.404255319148936	0.6	1.61527165932452	1.02325581395349	1.73255813953488	1.44242424242424	5.875	4.02985074626866
1058	0.369230769230769	0.175	1.26315789473684	0.867132867132867	0.862244897959184	0.867469879518072	0.930232558139535	0.644257703081232	1.13355048859935	1.09218612818262	3	0.811447811447812	1.09010339734121	2.20458015267176	0.845360824742268	1.20108695652174	1.59535895576505	0.684210526315789	0.523555555555556	0.677165354330709	0.516129032258065	0.971014492753623	0.27027027027027	0.592517006802721	0.993690851735016	1.16398713826367	1.05960264900662	1.44622991347342	1.41520467836257	1.03636363636364	0.67379679144385	0.947368421052632	0.464285714285714	1.02008032128514	1.33613445378151	1	0.83352208380521	15.7692307692308	3.63025210084034
1477	0.78974358974359	3.83333333333333	0.403508771929825	0.98283534647171	0.980867346938776	0.980342422320862	2.55813953488372	1.0812324929972	1.0928338762215	1.12028094820018	0.5	1.18181818181818	1.25849335302807	0.931297709923664	0.391752577319588	0.956521739130435	1.32124728063814	1.47368421052632	0.977777777777778	1.48031496062992	1.88709677419355	0.845410628019324	0.774774774774775	1.14965986394558	1.00157728706625	0.771704180064309	1.36525725929699	0.69344870210136	0.678362573099415	1.71818181818182	1.60427807486631	1.76315789473684	0.621428571428571	2.09638554216868	1.29411764705882	0.918200408997955	0.507361268403171	0.243589743589744	0.218487394957983
1025	1.25	4.15384615384615	1.24	0.806962025316456	0.814935064935065	0.808544303797468	0.410526315789474	0.817708333333333	1.13228346456693	1.28649635036496	1	1.18272425249169	1.07046979865772	0.212020033388982	0.954545454545454	1.68115942028985	0.337837837837838	0.796610169491525	0.781954887218045	0.794117647058823	0.377358490566038	1.85906040268456	1.07432432432432	0.713450292397661	0.741935483870968	1.28205128205128	1.74336283185841	0.70040899795501	0.692380952380952	0.391891891891892	0.652631578947368	0.978723404255319	1.16	0.813509544787078	0.86046511627907	1	1.02121212121212	3.78125	3.40298507462687
1424	1.23076923076923	0.658333333333333	1.31578947368421	1.0184361093452	1.01275510204082	1.02346227013316	1.02325581395349	0.946778711484594	1.12377850162866	1.09920983318701	4.19230769230769	1.56228956228956	0.995568685376662	1.87480916030534	2.22680412371134	1.26086956521739	0.50761421319797	0.87719298245614	0.888	0.818897637795276	2.03225806451613	0.734299516908213	0.924924924924925	0.986394557823129	0.998422712933754	1.16398713826367	0.76413652572593	0.605686032138443	0.705263157894737	1.90909090909091	0.802139037433155	0.539473684210526	1	0.971887550200803	1.6890756302521	0.715746421267894	1.98640996602492	0.512820512820513	2.7563025210084
1151	1.5	0.923076923076923	0.98	0.862341772151899	0.868506493506493	0.863924050632911	1.42105263157895	1.46354166666667	0.815748031496063	0.782846715328467	3.78947368421053	0.591362126245847	0.610738255033557	1.41569282136895	1.38636363636364	1.07246376811594	0.494208494208494	1.16949152542373	1.41353383458647	1.11764705882353	3.13207547169811	1.38926174496644	0.993243243243243	1.49122807017544	0.834101382488479	0.186538461538462	0.920353982300885	1.42126789366053	1.38095238095238	2.2027027027027	1.08421052631579	1.51063829787234	1.48	1.02936857562408	1.06976744186047	1.40503875968992	1.25757575757576	3.15625	2.17611940298507
1352	0.48	0.160512820512821	1.52	1.24683544303797	1.25324675324675	1.24841772151899	0.478947368421053	1.09375	0.984251968503937	1.1021897810219	2.73684210526316	0.451827242524917	1.0503355704698	0.328881469115192	0.477272727272727	1.30917874396135	0.544401544401544	1.84745762711864	1.18045112781955	1.63235294117647	1.15094339622642	0.134228187919463	0.675675675675676	1.16959064327485	1.54838709677419	1.62179487179487	2.1858407079646	0.85480572597137	0.816190476190476	1.08108108108108	1.26315789473684	1.85106382978723	0.56	0.629955947136564	1	0.319767441860465	0.315151515151515	0.375	0.283582089552239
1311	1.15	1.8974358974359	1.96	1.44620253164557	1.46266233766234	1.44778481012658	1.68421052631579	1.15625	0.806299212598425	0.877737226277372	1.15789473684211	0.800664451827243	0.889261744966443	0.489148580968281	1.06818181818182	0.91304347826087	0.341698841698842	0.779661016949153	1.2406015037594	0.779411764705882	0.792452830188679	0.979865771812081	1.42567567567568	1.15204678362573	1.54838709677419	1	1.12389380530973	1.7280163599182	1.65714285714286	1.06081081081081	0.894736842105263	0.638297872340426	1.2	1.08370044052863	1.23255813953488	0.618217054263566	0.748484848484849	1.125	0.973134328358209
1286	0.48	1.43589743589744	1.02	1.7879746835443	1.81818181818182	1.7879746835443	1.63157894736842	0.776041666666667	1.04566929133858	1.18795620437956	0.894736842105263	0.843853820598007	1.48657718120805	0.208681135225376	0.477272727272727	0.874396135265701	0.650579150579151	0.813559322033898	0.759398496240601	0.75	0.69811320754717	1.26845637583893	0.756756756756757	0.725146198830409	2.29953917050691	1.14102564102564	1.07964601769911	0.731083844580777	0.700952380952381	0.425675675675676	0.863157894736842	1.02127659574468	0.6	2.73127753303965	2.62790697674419	1.50581395348837	1.0030303030303	0.1625	0.441791044776119
1237	2.1	4.30769230769231	0.08	1.50949367088608	1.53896103896104	1.5126582278481	1.63157894736842	1.515625	0.804724409448819	0.773722627737226	1.31578947368421	0.823920265780731	0.775167785234899	1.18363939899833	0.704545454545455	0.801932367149759	1.63127413127413	1.08474576271186	1.68421052631579	1	1.62264150943396	1.77852348993289	1.29054054054054	1.53801169590643	1.64746543778802	0.865384615384615	0.884955752212389	1	0.961904761904762	0.804054054054054	1.04210526315789	1.70212765957447	1.88	0.814977973568282	0.674418604651163	0.717054263565892	0.745454545454545	1.09375	1.14626865671642
1137	1.3	0.458974358974359	1.56	1.46677215189873	1.48538961038961	1.46835443037975	0.521052631578947	0.942708333333334	1.02677165354331	1.10583941605839	1	0.348837209302326	1.21476510067114	0.62771285475793	1.65909090909091	1.1207729468599	NA	0.88135593220339	0.954887218045113	0.808823529411765	0.962264150943396	1.08724832214765	0.959459459459459	0.912280701754386	1.73502304147465	1.41666666666667	1.6283185840708	0.689161554192229	0.711428571428571	1.00675675675676	0.684210526315789	0.659574468085106	1.28	1.35242290748899	1.3953488372093	0.858527131782946	0.551515151515152	1.25	0.704477611940298
1097	1.25	3.28205128205128	0.42	1.22310126582278	1.16396103896104	1.2246835443038	1.42105263157895	1.13020833333333	1	1.01642335766423	3	1.24584717607973	1.1241610738255	1.21535893155259	0.704545454545455	0.859903381642512	0.6003861003861	1.45762711864407	1.01503759398496	1.41176470588235	1.56603773584906	2.19463087248322	1.65540540540541	1.06432748538012	1.05299539170507	1.1025641025641	0.831858407079646	0.679959100204499	0.663809523809524	1.60810810810811	1.29473684210526	0.48936170212766	2.8	1.36123348017621	2.3953488372093	1.30038759689923	1.28181818181818	0.96875	0.943283582089552
1048	0.345	2.71794871794872	0.7	0.588607594936709	0.597402597402597	0.590189873417721	0.526315789473684	0.572916666666667	1.14330708661417	0.70985401459854	1.10526315789474	0.926910299003322	0.51006711409396	5.55926544240401	0.954545454545454	1	NA	0.661016949152542	0.398496240601504	0.632352941176471	1.15094339622642	1.6510067114094	0.587837837837838	0.473099415204678	0.631336405529954	0.166666666666667	1.31858407079646	1.24744376278119	1.20952380952381	0.810810810810811	0.557894736842105	0.957446808510638	0.376	0.863436123348018	0.441860465116279	1.19186046511628	0.587878787878788	1.78125	1.1134328358209
1078	0.95	1.58974358974359	3	1.39873417721519	1.43019480519481	1.4003164556962	0.789473684210526	0.786458333333333	0.941732283464567	0.883211678832117	3.31578947368421	1.9202657807309	0.76510067114094	1.78631051752922	1.81818181818182	0.927536231884058	0.486486486486487	0.355932203389831	0.731578947368421	0.323529411764706	0.30188679245283	1.59731543624161	1	0.654970760233918	1.64516129032258	0.416025641025641	1.09734513274336	1.57464212678937	1.54285714285714	0.168918918918919	0.389473684210526	1.42553191489362	0.84	1.42584434654919	1.11627906976744	1.21124031007752	1.24545454545455	1.09375	0.647761194029851
1049	0.265	1.69230769230769	1.56	0.485759493670886	0.49025974025974	0.487341772151899	0.410526315789474	0.53125	1.23937007874016	0.784671532846715	1	0.93687707641196	0.583892617449664	5.87646076794658	0.772727272727273	1.09178743961353	0.393822393822394	0.830508474576271	0.406015037593985	0.764705882352941	0.60377358490566	1.23489932885906	0.459459459459459	0.439766081871345	0.529953917050691	0.249358974358974	1.50442477876106	0.785276073619632	0.764761904761905	0.621621621621622	0.631578947368421	0.595744680851064	0.348	0.933920704845815	0.465116279069767	1.2422480620155	0.545454545454546	2.21875	1.07164179104478
1140	1.1	0.107179487179487	0.62	1.91455696202532	1.94805194805195	1.91455696202532	0.578947368421053	0.5625	1.12755905511811	1.05839416058394	1	0.225913621262459	1.08724832214765	2.00333889816361	0.863636363636364	1.19323671497585	NA	1	0.564661654135338	0.941176470588235	0.735849056603774	0.275167785234899	1.31756756756757	0.590643274853801	2.26958525345622	1.43589743589744	1.86725663716814	0.524539877300613	0.524761904761905	0.621621621621622	0.789473684210526	1.06382978723404	1	1.06607929515419	1.04651162790698	0.484496124031008	0.418181818181818	0.78125	0.53134328358209
1279	1.05	2.05128205128205	0.162	1.13924050632911	1.13474025974026	1.14082278481013	2.26315789473684	0.765625	1.14173228346457	1.20802919708029	0.842105263157895	2.01328903654485	1.51342281879195	0.901502504173623	0.454545454545455	0.714975845410628	NA	1.03389830508475	0.789473684210526	0.955882352941176	0.792452830188679	0.818791946308725	1.07432432432432	0.771929824561403	1.20506912442396	2.17307692307692	0.861946902654867	0.553169734151329	0.533333333333333	0.668918918918919	1.13684210526316	0.382978723404255	1.4	0.933920704845815	0.651162790697674	0.897286821705426	0.812121212121212	0.6875	0.638805970149254
1403	2.05128205128205	0.275	1.52631578947368	1.13413858868404	1.09311224489796	1.13126188966392	1.53488372093023	0.896358543417367	1.00488599348534	0.997366110623354	1.07692307692308	2.44107744107744	0.8301329394387	1.45343511450382	0.989690721649485	1.15217391304348	1.28208846990573	0.807017543859649	0.906666666666667	0.78740157480315	1	0.85024154589372	1.72972972972973	0.904761904761905	0.906940063091483	0.473311897106109	0.774325012735609	1.59456118665019	1.55555555555556	0.681818181818182	0.887700534759358	1.18421052631579	2	0.727710843373494	0.705882352941177	2.37218813905931	2.40090600226501	1.41025641025641	1.18207282913165
1476	0.912820512820513	0.816666666666667	0.280701754385965	0.94850603941513	0.947704081632653	0.946100190234623	2.13953488372093	0.907563025210084	1.13843648208469	1.15891132572432	0.538461538461539	1.29292929292929	1.28508124076809	1.07786259541985	0.43298969072165	1.0054347826087	1.74039158810732	1.71929824561403	0.853333333333333	1.71653543307087	1.48387096774194	0.545893719806763	0.882882882882883	1.00680272108844	0.929022082018927	0.893890675241158	1.41619969434539	0.775030902348578	0.757894736842105	1.36363636363636	1.66844919786096	1.55263157894737	0.7	1.95983935742972	1.21008403361345	1.05521472392638	0.613816534541336	0.346153846153846	0.296918767507003
1381	1.12820512820513	0.458333333333333	1.57894736842105	0.710743801652893	0.686224489795918	0.708941027266963	2.46511627906977	1.55182072829132	0.980456026058632	0.985074626865672	0.923076923076923	0.686868686868687	1.19645494830133	1.19389312977099	2.47422680412371	0.722826086956522	0.664249456127629	0.982456140350877	1.66222222222222	0.913385826771654	1.30645161290323	2.03381642512077	0.774774774774775	1.53061224489796	0.654574132492114	1.34405144694534	0.753948038716251	0.650185414091471	0.755555555555556	0.845454545454545	1.19786096256685	1.21052631578947	1.07142857142857	1.0281124497992	0.361344537815126	1.37014314928425	0.647791619479049	2.05128205128205	1.48459383753501
1238	1.8	2.71794871794872	0.174	0.871835443037975	0.891233766233766	0.873417721518987	0.789473684210526	0.859375	1.06141732283465	0.928832116788321	1.47368421052632	0.933554817275748	0.768456375838926	2.50417362270451	1.20454545454545	1.20289855072464	0.536679536679537	1.35593220338983	0.87218045112782	1.22058823529412	0.886792452830189	0.664429530201342	0.675675675675676	0.894736842105263	0.956221198156682	0.717948717948718	1.49557522123894	1.03271983640082	1.00952380952381	1.00675675675676	1.02105263157895	1.65957446808511	1.48	1.11894273127753	1.02325581395349	0.717054263565892	0.851515151515152	1.125	1.4089552238806
1497	1.64102564102564	9.08333333333333	0.68421052631579	1.15448188175461	1.13647959183673	1.15282181357007	0.744186046511628	1.16526610644258	1.01628664495114	1.05706760316067	0.884615384615385	2.23569023569024	0.951255539143279	0.613740458015267	0.45360824742268	1.15217391304348	1.8854242204496	1.43859649122807	1.12888888888889	1.32283464566929	0.951612903225806	1.56521739130435	1.48348348348348	1.10204081632653	1.00473186119874	1.02250803858521	1.41619969434539	0.913473423980222	0.890058479532164	1.06363636363636	1.06951871657754	0.868421052631579	1.35714285714286	0.963855421686747	1.41176470588235	0.865030674846626	1.12117780294451	0.192307692307692	0.375350140056022
1098	1.4	8.20512820512821	1.02	1.17721518987342	1.18506493506494	1.17721518987342	0.736842105263158	1.94791666666667	0.788976377952756	0.824817518248175	3.10526315789474	0.946843853820598	0.946308724832215	0.734557595993322	0.704545454545455	0.657004830917874	1.67953667953668	1.06779661016949	1.59398496240601	1.04411764705882	1.75471698113208	7.98657718120805	1.52702702702703	1.45029239766082	1.1036866359447	0.974358974358974	0.661946902654867	0.471370143149284	0.468571428571429	1.06081081081081	0.894736842105263	0.574468085106383	1.48	1.15124816446402	2.48837209302326	0.961240310077519	0.960606060606061	0.59375	0.567164179104478
966	0.24	0.564102564102564	0.84	0.590189873417721	0.595779220779221	0.591772151898734	0.894736842105263	0.927083333333333	1.09291338582677	1.16605839416058	0.789473684210526	1.42524916943522	1.24496644295302	0.846410684474124	3.04545454545455	1.07729468599034	2.12355212355212	0.779661016949153	0.932330827067669	1.39705882352941	1.18867924528302	0.261744966442953	0.486486486486487	0.988304093567251	0.672811059907834	1.82692307692308	0.741592920353982	0.79038854805726	0.863809523809524	1.72972972972973	1.16842105263158	0.531914893617021	0.36	0.933920704845815	1.09302325581395	0.418604651162791	1.14848484848485	0.275	2.89253731343284
994	2.05128205128205	1.08333333333333	1.50877192982456	1.61474888747616	1.60714285714286	1.61065313887127	0.744186046511628	1.14285714285714	1	0.990342405618964	1	1.63636363636364	0.901033973412112	1.0381679389313	0.65979381443299	1.1304347826087	3.48078317621465	1.71929824561403	0.995555555555556	1.77952755905512	5.61290322580645	0.869565217391304	1.35135135135135	1.19727891156463	1.59305993690852	0.816720257234727	1.01069791136016	0.621755253399258	0.625730994152047	0.645454545454545	1.3903743315508	1.17105263157895	1.92857142857143	0.811244979919679	1.51260504201681	1.51738241308793	1.46998867497169	3.84615384615385	1.43417366946779
987	3.17948717948718	1.5	0.789473684210526	1.13286713286713	1.11734693877551	1.13126188966392	0.558139534883721	0.773109243697479	1.21172638436482	1.28358208955224	1.80769230769231	0.925925925925926	1.42688330871492	0.341984732824428	0.824742268041237	1.17391304347826	3.33575054387237	0.245614035087719	0.915555555555556	0.283464566929134	0.338709677419355	0.671497584541063	1.31531531531532	0.795918367346939	0.996845425867508	1.69774919614148	1.73204279164544	0.302843016069221	0.333333333333333	0.354545454545454	0.310160427807487	0.710526315789474	2.78571428571429	1.3574297188755	1.2436974789916	1	0.570781426953567	0.384615384615385	0.364145658263305
1257	1.15	1.02564102564103	2.54	1.15189873417722	1.16396103896104	1.15348101265823	1.89473684210526	1.08854166666667	1.00944881889764	1.06934306569343	0.684210526315789	1.20265780730897	1.13758389261745	0.886477462437396	0.681818181818182	1.01449275362319	0.693050193050193	0.661016949152542	1.16541353383459	0.617647058823529	0.754716981132076	1.22818791946309	1.06756756756757	1.03508771929825	1.25115207373272	0.955128205128205	0.579646017699115	0.750511247443763	0.727619047619048	0.5	0.831578947368421	0.659574468085106	1.04	1.20704845814978	0.953488372093023	2.07364341085271	2.86969696969697	0.53125	1.35223880597015
1457	1.12820512820513	3.75	1.01754385964912	1.55117609663064	1.54336734693878	1.55992390615092	0.837209302325581	1.00840336134454	0.970684039087948	0.992098331870061	0.961538461538462	1.26599326599327	0.998522895125554	0.86412213740458	0.804123711340206	1.01086956521739	2.17548948513416	1.01754385964912	0.942222222222222	0.960629921259842	1.08064516129032	1.78743961352657	0.966966966966967	0.91156462585034	1.65615141955836	1.07395498392283	1.18186449312277	1.19653893695921	1.1812865497076	0.818181818181818	0.844919786096257	0.592105263157895	0.928571428571428	1.08433734939759	1.50420168067227	0.750511247443763	0.994337485843714	0.153846153846154	0.481792717086835
986	2.97435897435897	2.16666666666667	0.964912280701754	1.07819453273999	1.07397959183673	1.07672796448954	0.362790697674419	0.980392156862745	1.16612377850163	1.22914837576822	1.76923076923077	0.973063973063973	1.31462333825702	0.403053435114504	0.618556701030928	1.20108695652174	4.20594633792603	0.526315789473684	1.09333333333333	0.551181102362205	0.612903225806452	1.28502415458937	1.02702702702703	0.952380952380952	1.01419558359621	1.30546623794212	1.67091186958737	0.247218788627936	0.269005847953216	0.309090909090909	0.459893048128342	0.644736842105263	2.42857142857143	1.38152610441767	1.41176470588235	1.43558282208589	0.767836919592299	0.435897435897436	0.352941176470588
1454	0.974358974358974	2.58333333333333	0.859649122807018	1.61474888747616	1.59438775510204	1.61065313887127	0.930232558139535	0.700280112044818	0.986970684039088	1.01141352063213	0.846153846153846	1.61616161616162	0.977843426883309	0.858015267175573	0.639175257731959	1.05978260869565	1.32994923857868	0.894736842105263	0.552888888888889	0.834645669291339	1.03225806451613	1.40096618357488	0.984984984984985	0.605442176870748	1.7192429022082	1.01607717041801	1.14111054508405	1.70580964153276	1.64912280701754	0.836363636363636	0.79144385026738	0.486842105263158	0.857142857142857	1.0281124497992	1.53781512605042	0.9079754601227	1.19592298980747	0.128205128205128	0.694677871148459
1191	1.5	0.666666666666667	0.74	0.859177215189873	0.87012987012987	0.860759493670886	1	1.16145833333333	0.959055118110236	1.01277372262774	1.10526315789474	1.12624584717608	1.04697986577181	0.814691151919866	0.977272727272727	0.995169082125604	1.86486486486486	1.1864406779661	1.3609022556391	1.20588235294118	0.962264150943396	0.275167785234899	1.12162162162162	1.25146198830409	0.785714285714286	1.43589743589744	0.750442477876106	1.11451942740286	1.07619047619048	0.77027027027027	1.06315789473684	1.29787234042553	1.4	0.906020558002937	1.11627906976744	0.49031007751938	1.82121212121212	0.240625	1.69253731343284
1105	0.55	0.158974358974359	0.26	0.409810126582278	0.405844155844156	0.409810126582278	0.526315789473684	0.400520833333333	1.18267716535433	1.17335766423358	0.789473684210526	1	0.583892617449664	1.7195325542571	0.340909090909091	2.11594202898551	0.897683397683398	0.457627118644068	0.367669172932331	0.735294117647059	0.320754716981132	0.436241610738255	0.472972972972973	0.404093567251462	0.398617511520737	0.485897435897436	1.38053097345133	1.47239263803681	1.39047619047619	0.689189189189189	0.631578947368421	0.468085106382979	0.64	0.531571218795888	0.558139534883721	0.982558139534884	1.87878787878788	3.46875	6.47761194029851
1350	0.75	0.0969230769230769	2.58	1.43512658227848	1.42694805194805	1.43829113924051	0.947368421052632	1.05729166666667	1.00472440944882	1.08576642335766	2.84210526315789	0.372093023255814	1.03691275167785	0.631051752921536	0.409090909090909	1.29951690821256	0.625482625482625	1.05084745762712	1.17293233082707	0.955882352941176	1.05660377358491	0.0939597315436242	0.858108108108108	1.10526315789474	1.73732718894009	1.53205128205128	2.17699115044248	0.671779141104295	0.643809523809524	0.574324324324324	0.873684210526316	2.21276595744681	0.96	0.729809104258443	1	0.364341085271318	0.290909090909091	0.375	0.271641791044776
1332	2.15384615384615	0.0816666666666667	1.35087719298246	0.705657978385251	0.683673469387755	0.705136334812936	1.06976744186047	0.907563025210084	0.98371335504886	0.995610184372256	1	0.737373737373737	1.00443131462334	1.08702290076336	0.474226804123711	1.09782608695652	0.691805656272661	0.736842105263158	1.04888888888889	0.692913385826772	0.612903225806452	0.642512077294686	1.44744744744745	0.952380952380952	0.454258675078864	1.29903536977492	1.45695364238411	2.17552533992583	2.08187134502924	0.918181818181818	0.727272727272727	0.276315789473684	1.92857142857143	0.758232931726908	0.453781512605042	0.860940695296524	0.847112117780294	1.66666666666667	0.901960784313726
1014	1	0.923076923076923	0.22	0.868670886075949	0.88474025974026	0.870253164556962	1.31578947368421	1.04166666666667	0.862992125984252	0.821167883211679	0.789473684210526	0.707641196013289	0.677852348993289	1.51085141903172	2.65909090909091	1.08695652173913	2.8957528957529	0.830508474576271	1.07518796992481	1.35294117647059	1.54716981132075	0.832214765100671	0.77027027027027	1.08771929824561	0.949308755760369	0.505769230769231	0.630973451327434	1.89161554192229	1.86666666666667	1.06756756756757	1.23157894736842	1.5531914893617	0.88	0.989720998531571	0.534883720930233	1.02713178294574	2.2	0.78125	2.36119402985075
1417	1.84615384615385	1	0.859649122807018	1.26509853782581	1.23979591836735	1.26315789473684	0.930232558139535	0.84593837535014	1.06514657980456	1.1027216856892	1.34615384615385	1.23232323232323	1.18759231905465	0.720610687022901	1.17525773195876	1.01086956521739	0.536620739666425	0.666666666666667	0.518222222222222	0.677165354330709	0.887096774193548	2.75845410628019	1.2012012012012	0.589115646258503	1.21293375394322	1.44051446945338	1.21242995415181	1.11124845488257	1.11812865497076	1.07272727272727	0.67379679144385	0.618421052631579	2	1.14056224899598	0.798319327731092	0.734151329243354	0.847112117780294	0.641025641025641	1.12605042016807
1206	0.95	0.564102564102564	0.44	0.636075949367089	0.647727272727273	0.636075949367089	1	0.947916666666667	1.04251968503937	1.16788321167883	1.21052631578947	1.0265780730897	1.33892617449664	0.332220367278798	0.590909090909091	1.0048309178744	1.78185328185328	1.08474576271186	1	1.07352941176471	0.943396226415094	1	1.2027027027027	0.964912280701754	0.467741935483871	1.76282051282051	1.31858407079646	1.15541922290389	1.0952380952381	0.939189189189189	0.968421052631579	0.723404255319149	0.8	0.92511013215859	0.511627906976744	1.02325581395349	0.681818181818182	2.40625	1.02686567164179
1074	1.1	1.38461538461538	1.38	1.15981012658228	1.18019480519481	1.16139240506329	0.894736842105263	0.833333333333333	0.87244094488189	0.872262773722628	3	1.89700996677741	0.758389261744966	1.13522537562604	1.93181818181818	0.91304347826087	0.554054054054054	0.406779661016949	0.781954887218045	0.382352941176471	1.11320754716981	1.50335570469799	1.09459459459459	0.766081871345029	1.25576036866359	0.620512820512821	1.11504424778761	2.07566462167689	2.01904761904762	0.574324324324324	0.452631578947368	1.59574468085106	1.04	1.27165932452276	0.767441860465116	0.790697674418605	1.11818181818182	0.625	0.680597014925373
962	0.195	0.355897435897436	1.86	0.846518987341772	0.862012987012987	0.846518987341772	0.842105263157895	0.755208333333333	1.16535433070866	1.28467153284672	0.842105263157895	0.903654485049834	1.5738255033557	0.569282136894825	2.65909090909091	1	1.24517374517375	0.847457627118644	0.745112781954887	0.88235294117647	1.54716981132075	0.201342281879195	0.641891891891892	0.771929824561403	0.997695852534562	2.3525641025641	1.00884955752212	0.506134969325153	0.582857142857143	1	0.8	0.595744680851064	0.24	1.08663729809104	1.13953488372093	0.515503875968992	0.851515151515152	0.40625	1.7910447761194
977	2.2	0.974358974358974	0.52	1.67721518987342	1.72077922077922	1.69303797468354	1.36842105263158	1.15104166666667	0.905511811023622	0.996350364963504	0.510526315789474	1.57142857142857	0.973154362416107	0.434056761268781	0.727272727272727	1.0048309178744	2.7027027027027	1.67796610169492	1.09022556390977	1.67647058823529	1.47169811320755	1.59731543624161	1.95945945945946	1.13450292397661	1.66820276497696	1.10897435897436	1.38053097345133	0.95398773006135	0.919047619047619	1.35810810810811	1.47368421052632	1.51063829787234	2	1.17180616740088	2.04651162790698	0.726744186046512	1.07272727272727	0.128125	0.232835820895522
1276	0.8	2.66666666666667	1.54	0.893987341772152	0.905844155844156	0.893987341772152	1	0.723958333333333	1.21417322834646	1.2992700729927	1	2.16611295681063	1.58724832214765	0.838063439065108	0.2	0.830917874396135	NA	0.796610169491525	0.706015037593985	0.75	0.811320754716981	0.805369127516778	0.736486486486487	0.690058479532164	0.997695852534562	2.22435897435897	1	0.332310838445808	0.317142857142857	0.682432432432432	0.736842105263158	0.48936170212766	0.84	0.875183553597651	0.581395348837209	1.21317829457364	1	1	0.713432835820896
1107	0.6	0.252820512820513	0.38	0.386075949367089	0.37012987012987	0.386075949367089	0.684210526315789	0.572916666666667	1.19842519685039	1.17335766423358	0.842105263157895	0.807308970099668	0.657718120805369	1.85308848080134	0.5	2.03381642512077	1.12548262548263	0.983050847457627	0.581203007518797	0.955882352941176	0.320754716981132	0.442953020134228	0.466216216216216	0.596491228070175	0.354838709677419	0.567307692307692	1.82300884955752	1.05316973415133	1	0.756756756756757	0.821052631578947	0.765957446808511	0.8	0.65345080763583	0.604651162790698	1.06007751937984	1.52424242424242	2.5625	4.83582089552239
1392	0.882051282051282	0.233333333333333	0.789473684210526	1.33502860775588	1.30102040816327	1.33164235890932	2.32558139534884	1.31652661064426	0.964169381107492	1.00263388937665	1.15384615384615	1.96296296296296	1.00147710487445	0.589312977099237	0.969072164948454	0.929347826086957	1.45032632342277	1.05263157894737	1.39555555555556	1.05511811023622	0.774193548387097	1.69082125603865	0.798798798798799	1.3265306122449	1.41640378548896	0.70096463022508	0.562404482934284	0.777503090234858	0.789473684210526	1.12727272727273	1.25133689839572	1.21052631578947	1	0.875502008032129	0.352941176470588	2.43353783231084	2.13137032842582	1.79487179487179	0.980392156862745
