specimen_id	Monocytes	Classical_Monocytes	Non-Classical_Monocytes	Intermediate_Monocytes	Bcells	CD3CD19neg	CD3 Tcells	CD4Tcells	CD8Tcells	TemraCD4	NaiveCD4	TemCD4	TcmCD4	TemraCD8	NaiveCD8	TemCD8	TcmCD8	NK	Basophils	pDC	B cells (CD19+CD3-CD14-CD56-)	B cells (CD19+CD20+CD3-CD14-CD56-)	Memory B cells	Naive B cells	Proliferating B cells	Activated B cells (ABCs)	CD56+CD3+T cells	CD4+CD8+ T cells	CD4-CD8- T cells	NK cells (CD3-CD19-CD56+)	CD3-CD19-CD56- cells	non-pDCs	CD3-CD19-CD56-CD14-CD16-CD123-CD11c-HLA-DR+cells	Conventional dendritic cells (cDCs)	cDC1	cDC2	Activated granulocytes	Lineage negative cells (CD3-CD19-CD56-HLA-DR-CD123-CD66b-)	CD56high NK cells
223	16.09476484	15.12965332	0.488212412	0	7.494916267	9.288509458	65.44889144	14.99940533	18.5132003	0.0565665	7.099821018	2.087738993	5.59602236	3.947181393	9.146367996	4.043779571	1.267959864	5.036159048	0.790190499	0.382041441	NA	NA	NA	NA	NA	NA	NA	NA	NA	NA	NA	NA	NA	NA	NA	NA	NA	NA	NA
224	25.08320864	24.10430133	0.480794793	0.832921911	5.175721762	8.789050335	58.77484676	19.3439012	16.87809991	0.649566677	8.894323887	3.019968555	6.60382661	3.475394396	8.286836249	3.781188999	1.311741875	4.146532277	1.272245304	0.293186082	NA	NA	NA	NA	NA	NA	NA	NA	NA	NA	NA	NA	NA	NA	NA	NA	NA	NA	NA
225	22.36751549	20.50518228	1.027210814	1.862333207	8.115112179	12.54635289	53.39030929	20.59469636	18.31003277	0.598863905	9.216722405	3.435139708	7.275587455	5.042137655	8.968430877	3.096306884	1.036015479	6.541131722	0.547650109	0.507442142	NA	NA	NA	NA	NA	NA	NA	NA	NA	NA	NA	NA	NA	NA	NA	NA	NA	NA	NA
226	15.94548646	15.1496812	0.633706082	0.527481524	4.690705728	11.19501372	64.98004837	18.85686806	17.63114213	0.662961782	9.602524277	1.921333558	6.484971611	3.707437979	9.404765791	3.45342819	1.000595159	5.354546436	0.989169113	0.452144958	NA	NA	NA	NA	NA	NA	NA	NA	NA	NA	NA	NA	NA	NA	NA	NA	NA	NA	NA
227	21.43391614	20.6030523	0.988479775	0.253185657	6.140168914	11.45040006	58.05693436	22.71632834	17.02826345	0.566935842	10.76122389	3.38087124	7.95099274	3.640539339	9.344717736	2.830048896	1.037746333	5.497110683	0.628241221	0.603793155	NA	NA	NA	NA	NA	NA	NA	NA	NA	NA	NA	NA	NA	NA	NA	NA	NA	NA	NA
281	11.2437986	11.2437986	0.550932631	0.524067847	9.686322961	12.39366591	63.85186458	34.31805723	21.0442628	0.381152649	21.39718697	4.880799452	7.617734576	2.63383981	13.0564215	4.405006396	0.755077717	6.224720511	0.702439104	0.426972789	NA	NA	NA	NA	NA	NA	NA	NA	NA	NA	NA	NA	NA	NA	NA	NA	NA	NA	NA
282	17.44674996	16.71763962	0.662849529	0.736834737	10.91432682	12.10388344	57.50038622	30.55202862	19.36324444	0.047191217	20.7572561	3.823454156	5.924127144	2.273385602	12.73028349	3.398129731	0.899650471	6.386021744	0.997050247	0.463946393	NA	NA	NA	NA	NA	NA	NA	NA	NA	NA	NA	NA	NA	NA	NA	NA	NA	NA	NA
283	17.65820505	16.45599964	1.788370891	1.202205408	8.624679422	17.41920951	54.27511712	29.32068167	17.79360374	0.626520073	18.81788756	3.711779083	5.993198746	2.603172232	11.01897148	3.550963029	0.565205188	7.244793354	0.964173556	0.432818039	NA	NA	NA	NA	NA	NA	NA	NA	NA	NA	NA	NA	NA	NA	NA	NA	NA	NA	NA
284	11.37896755	10.7656986	1.109257024	0.613268953	7.994863784	17.28561623	61.31233875	31.72867997	20.95292196	0.349120689	19.17619352	5.022840777	7.031764065	2.750715993	12.20620606	5.269947218	0.638003266	9.414897394	1.139790291	0.39787924	NA	NA	NA	NA	NA	NA	NA	NA	NA	NA	NA	NA	NA	NA	NA	NA	NA	NA	NA
285	19.8894206	18.85601251	0.636601493	1.033408088	12.68609769	14.98428567	50.69648441	25.0036851	18.44170168	0.233214357	15.87476442	2.999147162	5.624914453	1.924150057	10.24024237	5.234820009	0.981948261	4.487797046	0.793086747	0.244796109	NA	NA	NA	NA	NA	NA	NA	NA	NA	NA	NA	NA	NA	NA	NA	NA	NA	NA	NA
342	23.10327618	22.5185887	1.100856899	0.584687481	15.09123053	12.66501434	42.90516592	22.28850335	13.87922211	0.523105814	7.351903703	8.073119771	6.180160214	2.691998613	6.940118595	3.489176684	0.561171405	5.689706218	0	0.539685494	NA	NA	NA	NA	NA	NA	NA	NA	NA	NA	NA	NA	NA	NA	NA	NA	NA	NA	NA
343	35.24105362	33.79091151	1.797176123	1.450142114	13.09928373	13.16389006	37.51707667	23.72412496	11.65434213	0.679266568	10.88106634	5.804568848	6.069394801	2.465841652	6.560842963	2.09040486	0.503049299	3.887180944	0.868685131	0.563855258	NA	NA	NA	NA	NA	NA	NA	NA	NA	NA	NA	NA	NA	NA	NA	NA	NA	NA	NA
344	17.83941274	16.99042967	1.813480696	0.848983068	9.248751549	13.00627866	57.70331603	37.86271144	18.72914405	1.169217817	17.84761133	7.508935859	10.72817001	3.151198035	11.96175293	2.578397554	0.902212765	6.418644833	0.771647049	0.640224764	NA	NA	NA	NA	NA	NA	NA	NA	NA	NA	NA	NA	NA	NA	NA	NA	NA	NA	NA
345	21.42441344	21.17314939	1.035192421	0.251264047	8.836612688	15.61559048	53.28600829	34.06978212	16.38973101	1.028881843	10.89759606	11.08948915	10.68033186	3.540234444	8.527651924	3.376416982	0.898291508	9.043187538	1.127661712	0.303036547	NA	NA	NA	NA	NA	NA	NA	NA	NA	NA	NA	NA	NA	NA	NA	NA	NA	NA	NA
346	24.40373823	23.36634584	1.105655121	1.037392389	10.27800406	19.81152949	43.28146371	25.02174853	14.79289866	0.952283973	10.95497425	6.651530694	6.380994046	4.571465926	6.446993925	3.3986795	0.375759313	9.43886274	0.771758589	0.694067302	NA	NA	NA	NA	NA	NA	NA	NA	NA	NA	NA	NA	NA	NA	NA	NA	NA	NA	NA
349	13.52458485	13.55053485	0.589806469	0.200000371	9.614475652	27.30607471	43.84512298	22.14721436	19.0927138	0.303058949	11.40484042	5.249499999	5.027627484	3.49917238	11.86990152	2.786474118	0.805747555	22.46213617	0.69916719	0.210195014	NA	NA	NA	NA	NA	NA	NA	NA	NA	NA	NA	NA	NA	NA	NA	NA	NA	NA	NA
350	13.54508691	13.02992961	0.358164494	0.7671347	12.01555097	23.0640578	43.26485081	20.9101796	20.18785491	0.246297258	12.06903897	4.030849481	3.992508524	3.133229303	12.63594867	3.375739799	1.042937138	19.46505687	0.510423849	0.429481829	NA	NA	NA	NA	NA	NA	NA	NA	NA	NA	NA	NA	NA	NA	NA	NA	NA	NA	NA
351	11.60448996	11.06861356	0.506350593	0.860999635	12.1042227	29.62812757	35.27078048	19.79331936	13.17835114	0.323426351	11.77214223	3.907757311	3.548187302	3.387152881	7.152880887	1.785123406	0.720836904	25.07046316	0.630732291	0.553693695	NA	NA	NA	NA	NA	NA	NA	NA	NA	NA	NA	NA	NA	NA	NA	NA	NA	NA	NA
352	19.52584624	18.90953937	0.617910587	0.616306874	14.2063305	15.86007926	45.41907424	20.77096895	19.18778356	0.353618698	10.54794059	4.975679694	4.890041424	2.640192574	12.34313683	2.856052332	1.214652163	11.91943588	0.915559704	0.208161937	NA	NA	NA	NA	NA	NA	NA	NA	NA	NA	NA	NA	NA	NA	NA	NA	NA	NA	NA
353	13.31339742	12.94886687	0.307688506	0.663569187	12.7820478	25.9687863	38.18323736	19.47973045	13.96996433	0.270617601	9.931707156	4.981093839	4.114664426	2.743452866	7.599741327	2.670546755	0.8522189	20.18201814	1.117687764	0.299450527	NA	NA	NA	NA	NA	NA	NA	NA	NA	NA	NA	NA	NA	NA	NA	NA	NA	NA	NA
355	25.50478252	24.2718006	1.861865531	1.232981917	16.11167353	15.77201005	41.66951756	26.22250925	15.14015918	0.287474691	11.6445577	5.414019409	8.825665014	1.505620331	8.318438875	4.081896251	1.234203728	6.621517838	1.325141381	1.067862878	NA	NA	NA	NA	NA	NA	NA	NA	NA	NA	NA	NA	NA	NA	NA	NA	NA	NA	NA
356	30.01879344	27.86979808	2.33537911	3.537569816	11.51066977	18.38671062	37.4902699	21.15610647	14.04468248	0.212744183	10.67085746	2.847236652	7.146622919	1.024180268	9.565890223	1.769250092	1.635587202	7.381540876	2.396163162	0.85997029	NA	NA	NA	NA	NA	NA	NA	NA	NA	NA	NA	NA	NA	NA	NA	NA	NA	NA	NA
357	13.74365552	12.23952687	1.162578073	1.853907783	10.14176635	14.16383456	59.38630611	32.28286396	25.95092121	0.123820246	15.99684441	2.35114795	13.5660231	0.723721504	18.52523295	2.238037893	4.192125137	7.579026836	1.692079423	0.532244203	NA	NA	NA	NA	NA	NA	NA	NA	NA	NA	NA	NA	NA	NA	NA	NA	NA	NA	NA
358	16.34777814	15.36477874	1.248678432	0.982999403	10.75863522	13.54481887	57.66210257	30.88417929	23.32162508	0.709647803	12.25062518	3.90247772	13.4580798	1.003546288	15.80809729	2.302421541	4.111717837	7.398569261	2.210610776	0.453591999	NA	NA	NA	NA	NA	NA	NA	NA	NA	NA	NA	NA	NA	NA	NA	NA	NA	NA	NA
359	22.05854203	21.4424688	1.38606644	1.065640184	10.0833318	14.26880144	51.9021048	26.34457098	21.9215349	0.049034132	10.42158865	4.209068955	11.53652518	0.954461188	13.41175298	3.082988303	3.860454628	4.787383282	4.431164731	0.435407364	NA	NA	NA	NA	NA	NA	NA	NA	NA	NA	NA	NA	NA	NA	NA	NA	NA	NA	NA
360	10.12923967	9.831072287	0.284081625	0.298167386	7.351865687	14.78587953	65.14585524	37.17175951	23.80944332	0.280362984	22.95618427	4.27993027	9.138503596	0.791619761	19.00800184	2.688239291	1.164159965	8.73610158	2.068127754	0.865767206	NA	NA	NA	NA	NA	NA	NA	NA	NA	NA	NA	NA	NA	NA	NA	NA	NA	NA	NA
361	8.663055627	8.481471928	0.197518127	0.181583699	6.925744419	8.648152925	74.67984983	45.38514888	25.038833	0	33.16183762	1.997993867	9.934485427	0.423466025	21.89631158	1.771472788	0.94758261	5.157252171	0.901842776	1.082165477	NA	NA	NA	NA	NA	NA	NA	NA	NA	NA	NA	NA	NA	NA	NA	NA	NA	NA	NA
362	6.717597233	5.705608081	0.143279844	0.247729647	6.53970146	10.46093367	74.24996313	59.79465229	19.88489451	3.729490062	41.41329312	6.978571235	7.581490411	0.580042563	17.79228637	0.810915757	0.637535105	2.79275293	0.832588338	0.908141365	NA	NA	NA	NA	NA	NA	NA	NA	NA	NA	NA	NA	NA	NA	NA	NA	NA	NA	NA
363	8.148074724	7.944643713	0.166548335	0.203431011	7.383566002	9.036140412	73.40125124	41.46327408	26.67147678	0.14995113	28.68342677	2.918111238	9.264236713	0.558426769	22.00051636	2.651518644	1.180360897	5.240336739	1.426783277	0.50344853	NA	NA	NA	NA	NA	NA	NA	NA	NA	NA	NA	NA	NA	NA	NA	NA	NA	NA	NA
364	8.34345099	8.181344275	0.139685316	0.162106715	8.393338602	10.74399807	70.08536948	42.30413507	23.37621426	0.111658567	29.94927158	3.084848179	8.715534106	0.468495132	20.54607317	1.377010219	0.960308518	5.67978879	1.180822977	1.232728516	NA	NA	NA	NA	NA	NA	NA	NA	NA	NA	NA	NA	NA	NA	NA	NA	NA	NA	NA
369	14.95975072	14.95975072	2.57592811	0	16.75892721	20.36315693	47.66750943	33.68099782	12.38292833	3.641150972	12.85613359	6.904657571	9.990456687	1.501251362	7.502807421	2.384934085	0.993935461	12.61033259	0.292176144	0.369340285	NA	NA	NA	NA	NA	NA	NA	NA	NA	NA	NA	NA	NA	NA	NA	NA	NA	NA	NA
370	18.25265838	16.05493098	2.79150296	0.658637489	18.24649328	20.1822042	40.52251736	36.50274796	3.435369912	5.243797338	15.19734079	10.20117471	5.597648017	1.486172851	0.247631255	1.274247762	0.35590571	8.036327813	0.774875189	0.455317843	NA	NA	NA	NA	NA	NA	NA	NA	NA	NA	NA	NA	NA	NA	NA	NA	NA	NA	NA
371	27.48283254	26.20544669	1.769165616	0.604344215	19.93411669	15.84303328	35.12066192	24.34344298	8.254312902	1.575350591	10.61113119	5.191621673	6.515633492	1.159993268	4.791990266	1.541001879	0.726840829	8.194306115	0.928380865	0.566270944	NA	NA	NA	NA	NA	NA	NA	NA	NA	NA	NA	NA	NA	NA	NA	NA	NA	NA	NA
372	16.23806928	15.75170154	1.390642863	0	20.12253077	14.86238136	47.53941456	30.26662989	12.09870922	1.812205886	12.69175551	6.492103794	9.045742164	1.539361391	6.963184271	2.384149097	1.010288996	8.000225986	0.992841571	0.404946428	NA	NA	NA	NA	NA	NA	NA	NA	NA	NA	NA	NA	NA	NA	NA	NA	NA	NA	NA
373	10.1860068	10.1860068	1.480762183	0	21.466215	23.41111055	43.37963506	28.58038437	9.831070334	3.585453558	11.10422817	6.001551452	7.556165719	1.603538947	5.336696673	1.839233129	1.011978176	11.90916008	1.227395589	0.69313064	NA	NA	NA	NA	NA	NA	NA	NA	NA	NA	NA	NA	NA	NA	NA	NA	NA	NA	NA
376	14.76098345	14.76098345	0.436606994	0	23.15163021	9.660741468	50.52092982	19.35700739	29.06358686	1.79532185	8.992270566	4.537389487	3.843134708	12.60010352	5.892857484	5.842435679	3.324401289	1.630305033	0.155467233	0.727487332	NA	NA	NA	NA	NA	NA	NA	NA	NA	NA	NA	NA	NA	NA	NA	NA	NA	NA	NA
377	10.34712553	9.96500207	0	0.382123459	15.7490686	7.427338527	65.02543308	31.94517618	32.35003575	2.675334613	16.3032025	4.21668611	8.644582847	11.32023106	14.33143291	1.456051882	5.119858503	1.127083882	0.659817609	0.383377865	NA	NA	NA	NA	NA	NA	NA	NA	NA	NA	NA	NA	NA	NA	NA	NA	NA	NA	NA
378	12.06380404	11.49171808	0	0.572085966	12.85437983	8.113589628	65.8814199	31.57522695	32.44699192	2.557459374	14.86968979	5.658948992	8.395244006	12.53761661	12.1042419	2.154021216	5.246733624	0.952013743	0.776626292	0.376636323	NA	NA	NA	NA	NA	NA	NA	NA	NA	NA	NA	NA	NA	NA	NA	NA	NA	NA	NA
379	9.090461219	8.655875933	0	0.434585285	14.65064479	8.131417635	66.2671647	31.31701287	33.81031718	4.062051195	15.30080587	3.456826617	8.207406611	11.35803796	15.14449849	1.838963086	5.282353538	0.888727655	0.47713314	0.495048027	NA	NA	NA	NA	NA	NA	NA	NA	NA	NA	NA	NA	NA	NA	NA	NA	NA	NA	NA
380	9.917689377	9.67189372	0.245795657	0	16.73380862	6.761897502	64.9531924	33.44618743	30.81823059	2.625511835	18.35111241	4.51982114	7.559978311	9.388991404	14.50899117	1.790036718	4.834508617	0.722141601	0.758097665	0.454484656	NA	NA	NA	NA	NA	NA	NA	NA	NA	NA	NA	NA	NA	NA	NA	NA	NA	NA	NA
397	28.54903523	27.81183002	3.066498185	0.737205208	11.3871555	18.22726402	40.24056485	12.76919069	15.03874669	0	5.815297457	2.89612054	3.856852834	4.362446252	7.768352277	2.380945252	0.491370327	10.91464948	0.478045538	0.646926016	NA	NA	NA	NA	NA	NA	NA	NA	NA	NA	NA	NA	NA	NA	NA	NA	NA	NA	NA
398	23.51264931	22.83540632	1.839552283	1.527577135	19.44816368	15.01914426	40.09607366	17.79344749	13.43460414	0	10.33819574	2.813648803	4.50712331	2.425625125	9.069301058	1.241147246	0.63070364	7.221086877	1.260820032	1.152913334	NA	NA	NA	NA	NA	NA	NA	NA	NA	NA	NA	NA	NA	NA	NA	NA	NA	NA	NA
399	20.69588703	19.5031086	1.115650557	2.033785428	18.16034346	14.39402672	43.36166573	18.85677124	14.69812687	0.073143417	11.2309297	3.125956094	4.228514833	2.530562991	10.01950965	1.533308004	0.614746225	6.456827596	1.074525173	1.059156517	NA	NA	NA	NA	NA	NA	NA	NA	NA	NA	NA	NA	NA	NA	NA	NA	NA	NA	NA
400	21.75376883	21.80883914	1.455023067	0.735551514	14.37007818	18.40586392	42.82392584	15.10377979	14.86941079	0	8.095193372	2.634409979	4.185201313	3.699814155	8.496338607	2.049554742	0.590404959	10.17221212	0.695991963	1.754992615	NA	NA	NA	NA	NA	NA	NA	NA	NA	NA	NA	NA	NA	NA	NA	NA	NA	NA	NA
401	13.20348811	12.75716625	1.383104523	0.44632186	17.22367314	18.48801988	49.70487615	20.92615896	17.66329196	0.000632363	13.06373587	2.488854601	5.29679961	2.790112371	12.87035925	1.084755623	0.725573395	11.05914492	0.830166248	1.365651302	NA	NA	NA	NA	NA	NA	NA	NA	NA	NA	NA	NA	NA	NA	NA	NA	NA	NA	NA
419	9.804275867	9.616262316	0.804081156	0.000155769	13.03960435	32.29907707	43.83784415	20.36808287	15.48549398	0.090346197	7.747342186	5.845087426	6.507574282	0.783831146	10.88920908	2.810857121	0.941002375	24.13645391	0.404221348	0.724950349	NA	NA	NA	NA	NA	NA	NA	NA	NA	NA	NA	NA	NA	NA	NA	NA	NA	NA	NA
420	15.33438098	14.42716589	1.441104127	0.308964198	8.380705111	23.42839574	51.09975403	29.44151407	4.63200328	0.798852145	14.40953813	6.222055206	7.818119705	0.086225745	3.658923203	0.55752938	0.314156873	9.109319486	1.10644985	0.498770156	NA	NA	NA	NA	NA	NA	NA	NA	NA	NA	NA	NA	NA	NA	NA	NA	NA	NA	NA
421	11.67526675	11.34985207	0.921276264	0.365609058	7.270389659	32.54519538	46.73553835	21.5558948	18.01306716	0	9.829120688	5.267592024	6.189267571	0.582285995	13.68525146	2.750652493	0.933920189	24.52615229	1.10108618	0.566980192	NA	NA	NA	NA	NA	NA	NA	NA	NA	NA	NA	NA	NA	NA	NA	NA	NA	NA	NA
422	10.20127871	10.27212733	0.802687234	0.206081108	8.830746985	24.52774179	55.27630964	27.95011307	21.62967673	0.066230932	14.45866108	6.235206886	7.01678466	0.537235769	17.41438135	2.588151788	1.089907831	17.7834011	1.268678574	0.532750009	NA	NA	NA	NA	NA	NA	NA	NA	NA	NA	NA	NA	NA	NA	NA	NA	NA	NA	NA
423	12.80037325	12.65163216	0.539003661	0.368064399	10.22365661	17.31856645	58.56916128	29.20097193	22.79885792	0.166685719	14.58287364	7.765108718	6.569996039	1.090900874	18.21446896	2.213038705	1.036934046	10.01829024	1.574209705	0.44569156	NA	NA	NA	NA	NA	NA	NA	NA	NA	NA	NA	NA	NA	NA	NA	NA	NA	NA	NA
27	5.490837979	5.657937572	0.362428544	0.272732033	7.237643395	14.72730212	26.19570686	16.9656171	9.595250183	0.284570151	7.88350381	3.31763265	5.189421275	0.277285155	6.639818421	0.801121889	1.734739641	5.033476833	0.651779474	0.098802756	NA	NA	NA	NA	NA	NA	NA	NA	NA	NA	NA	NA	NA	NA	NA	NA	NA	NA	NA
28	7.211965205	10.388717	1.124432553	0.390872664	9.663399356	22.81136669	41.79389313	26.69346453	13.05508356	1.150744338	12.96441886	5.171692323	7.318480383	0.201935026	9.693198245	0.36392686	2.631495524	4.478075626	1.239506987	0.294501788	NA	NA	NA	NA	NA	NA	NA	NA	NA	NA	NA	NA	NA	NA	NA	NA	NA	NA	NA
29	3.8606268	1.003328928	0	0.044954096	13.20952872	42.89008336	36.54961808	8.700555338	12.31897257	1.980692991	1.75824772	4.480683302	0.299564798	4.325669177	4.191581958	3.486655221	0.044566561	0.35149453	0.250735348	0	NA	NA	NA	NA	NA	NA	NA	NA	NA	NA	NA	NA	NA	NA	NA	NA	NA	NA	NA
30	3.670204368	5.777738795	0.371546356	0.238575564	10.26541531	22.41557758	43.02885712	29.14270678	13.20164898	1.025874923	13.61143759	6.705376721	7.800017542	0.650820103	9.591439347	1.154986405	1.76545917	6.907113411	0.944127708	0.137882642	NA	NA	NA	NA	NA	NA	NA	NA	NA	NA	NA	NA	NA	NA	NA	NA	NA	NA	NA
31	25.69715069	24.2499478	0.809050984	1.907963651	12.99376938	21.54100437	34.85937673	22.20986196	13.74807651	0.224590167	11.90275246	3.344287953	6.344847673	0.248277411	9.962153048	0.740796628	2.732981592	12.70092486	1.00890114	0.164407021	NA	NA	NA	NA	NA	NA	NA	NA	NA	NA	NA	NA	NA	NA	NA	NA	NA	NA	NA
45	22.7930283	22.7930283	2.390009845	0	13.68508836	14.51712339	46.65823958	28.27724305	16.51333837	0.241820632	9.122755035	9.237452568	9.329210594	6.991053592	2.291561129	5.706680175	1.401221529	7.158798735	0.84015943	0.960830792	NA	NA	NA	NA	NA	NA	NA	NA	NA	NA	NA	NA	NA	NA	NA	NA	NA	NA	NA
46	41.38050163	41.38050163	1.15607028	0.789360667	6.744350786	10.58719496	39.1935558	26.72923233	11.13298057	0.150867568	12.22724586	6.029631531	7.896934631	2.750639048	4.111616644	2.635111257	1.607246714	3.14730031	1.382847055	0.385092636	NA	NA	NA	NA	NA	NA	NA	NA	NA	NA	NA	NA	NA	NA	NA	NA	NA	NA	NA
47	20.24533319	19.56373333	1.530888859	0.681599858	5.51602592	14.94693662	58.56428771	41.7063363	15.05659127	0.471606624	21.14089706	7.24759195	12.77797377	3.2099184	5.720826594	3.645482549	2.301984016	3.075370008	1.207270195	0.395245448	NA	NA	NA	NA	NA	NA	NA	NA	NA	NA	NA	NA	NA	NA	NA	NA	NA	NA	NA
48	15.19059849	14.95518597	0.488089518	0.235412521	6.488231381	8.255364367	68.18451309	49.11315459	17.60936511	0.942051582	25.80437072	7.847173243	14.20986912	3.618313194	7.465882583	3.842617562	2.68255177	3.044035123	1.246388178	0.369245676	NA	NA	NA	NA	NA	NA	NA	NA	NA	NA	NA	NA	NA	NA	NA	NA	NA	NA	NA
49	16.45197889	16.13193238	0.905632038	0.320046513	6.469569337	10.15171927	65.41330817	46.41401206	14.99467711	0.754626072	25.88244953	6.976152632	12.80078383	3.88295288	6.296222025	2.275048889	2.512997684	3.737599543	1.380452937	0.234449548	NA	NA	NA	NA	NA	NA	NA	NA	NA	NA	NA	NA	NA	NA	NA	NA	NA	NA	NA
87	10.79051708	10.3001688	0.522824035	0.490348276	5.831004714	12.39003744	68.29937654	46.24226916	23.20339461	1.133082806	21.39438776	10.02073452	13.25760415	5.277132426	9.956496758	5.449503763	2.175162111	7.188562823	0.984622193	0.714109825	NA	NA	NA	NA	NA	NA	NA	NA	NA	NA	NA	NA	NA	NA	NA	NA	NA	NA	NA
88	7.257094942	7.021364544	0	0.235730398	5.525019782	7.209854381	78.88535897	58.49822257	21.20345328	0.958510978	35.97935587	4.258264146	17.30209158	1.823721848	14.13437578	1.566024589	3.504777202	3.101579016	1.280927805	0.599955121	NA	NA	NA	NA	NA	NA	NA	NA	NA	NA	NA	NA	NA	NA	NA	NA	NA	NA	NA
89	10.40593516	9.376620148	0	0.749171545	6.894743065	11.7457122	69.20362246	49.78125161	19.91868563	1.461051266	27.69266685	9.317195776	10.80401782	4.753646564	9.340844251	4.303719177	1.347659862	3.346865516	1.255188263	1.046293405	NA	NA	NA	NA	NA	NA	NA	NA	NA	NA	NA	NA	NA	NA	NA	NA	NA	NA	NA
90	8.81058794	8.366826994	0.336138818	0.443760946	4.932151894	15.69090232	69.13524322	47.23659268	22.11822276	2.112336727	24.07763797	7.548264052	12.76981271	4.513204629	11.14336248	3.143835676	2.616112158	9.23328611	0.703150472	0.765473206	NA	NA	NA	NA	NA	NA	NA	NA	NA	NA	NA	NA	NA	NA	NA	NA	NA	NA	NA
91	9.661559167	9.18454563	0.49383654	0.477013537	7.114502243	16.62031296	64.96039811	46.37450718	19.44033668	2.280330925	23.21818621	7.661792518	12.84680485	3.467437992	9.401073959	3.485617689	2.770097383	3.483989657	1.159701853	1.13419601	NA	NA	NA	NA	NA	NA	NA	NA	NA	NA	NA	NA	NA	NA	NA	NA	NA	NA	NA
114	15.63736791	14.26955064	1.613306791	0.8160953	13.25281487	23.27177736	46.08971383	19.65017743	25.25080059	0	8.777509383	3.999748216	6.710361704	3.823184597	11.53454557	8.272682209	1.512435775	14.59340798	0.328578285	0.186005524	NA	NA	NA	NA	NA	NA	NA	NA	NA	NA	NA	NA	NA	NA	NA	NA	NA	NA	NA
115	10.58548931	9.458544391	2.566930087	1.126944916	10.91820097	24.75004067	49.42290887	16.52266184	26.69618639	0.084927537	7.867618965	1.844573149	6.603919907	4.524613854	12.84751251	7.336679995	1.884861714	14.77360853	0.465493696	0.24248798	NA	NA	NA	NA	NA	NA	NA	NA	NA	NA	NA	NA	NA	NA	NA	NA	NA	NA	NA
116	11.83847375	8.157519014	2.276297841	1.491966944	11.24229734	20.68359261	52.37647883	18.8230127	12.68224979	0.913571008	9.645637947	2.403016841	5.84698714	2.70647899	4.82606988	4.31640739	0.76615236	5.114670743	0.481134128	0.15299163	NA	NA	NA	NA	NA	NA	NA	NA	NA	NA	NA	NA	NA	NA	NA	NA	NA	NA	NA
117	14.60209619	12.06375117	2.590843149	1.617156338	10.53061857	17.17356979	55.25074873	27.96908354	17.25599053	0.874301027	12.70227813	4.479173068	9.675152752	1.893138908	7.069348302	7.150833959	1.142669363	4.924004606	0.940558217	0.241918894	NA	NA	NA	NA	NA	NA	NA	NA	NA	NA	NA	NA	NA	NA	NA	NA	NA	NA	NA
118	10.47369812	9.266549334	2.649707348	1.207148781	10.67835084	19.5543907	54.96299295	28.88113975	27.01008542	0.654704713	14.17558599	4.702280886	9.055850347	3.706225412	14.71409738	6.574123851	1.970554718	10.65784614	0.775367015	0.22739192	NA	NA	NA	NA	NA	NA	NA	NA	NA	NA	NA	NA	NA	NA	NA	NA	NA	NA	NA
131	14.45741721	13.67165491	0.729636422	0.7857623	17.01375519	9.567721964	56.28642472	28.53370054	24.50721261	0.117690311	9.883158103	6.370069679	11.44445822	7.842395052	10.31889506	4.547718962	1.335056267	3.675592422	0.361119994	0.671987748	NA	NA	NA	NA	NA	NA	NA	NA	NA	NA	NA	NA	NA	NA	NA	NA	NA	NA	NA
132	16.40148776	15.08089149	1.636903579	1.320596268	15.69827356	11.09910168	53.07671115	31.16779388	20.76925726	0.357104066	10.77391975	4.466582424	15.39547686	5.171253653	10.68649813	2.654968065	2.061693171	3.232613032	0.459360868	0.344520651	NA	NA	NA	NA	NA	NA	NA	NA	NA	NA	NA	NA	NA	NA	NA	NA	NA	NA	NA
133	13.65766753	11.69624656	1.439372978	1.852155107	13.41513685	12.4152272	56.13484028	32.77509868	22.18407485	0.231801729	11.67549452	4.237792999	16.3687031	5.807889729	10.92771513	2.96725977	2.481210225	3.574292313	0.503978181	0.321303736	NA	NA	NA	NA	NA	NA	NA	NA	NA	NA	NA	NA	NA	NA	NA	NA	NA	NA	NA
134	10.80036678	9.850216364	0.634186444	0.519680558	9.806175639	15.29229491	59.19547758	30.41226636	21.49977867	0.504322767	9.734807079	5.129276467	14.82907682	5.553648379	10.33805209	3.369454256	2.155511189	2.889297426	0.555590688	0.369716242	NA	NA	NA	NA	NA	NA	NA	NA	NA	NA	NA	NA	NA	NA	NA	NA	NA	NA	NA
135	12.89981274	12.11195839	1.795977789	0.787854352	14.25227575	12.23088746	56.57438276	33.48022449	22.40669683	0.379652981	10.95933411	4.840913765	16.6460108	6.393215496	10.91427907	2.905576542	2.119210495	4.036417461	0.577326897	0.383035492	NA	NA	NA	NA	NA	NA	NA	NA	NA	NA	NA	NA	NA	NA	NA	NA	NA	NA	NA
153	21.39916205	17.48163254	1.160404434	0	6.659903679	31.56020568	34.67859851	16.78937521	9.512780235	0.172611453	1.402371014	10.62660287	4.263528778	1.12339778	5.011166693	2.694757218	0.622125838	3.969545853	1.262366821	0.819063343	NA	NA	NA	NA	NA	NA	NA	NA	NA	NA	NA	NA	NA	NA	NA	NA	NA	NA	NA
154	26.6055826	24.16274045	2.092302887	1.159382565	4.856704063	19.99930586	46.72931254	28.67497896	16.06198645	0.111061943	7.886786232	8.617886179	11.81299945	1.773173335	8.914803342	4.185126376	1.120857954	12.76986751	0.498043401	1.064632845	NA	NA	NA	NA	NA	NA	NA	NA	NA	NA	NA	NA	NA	NA	NA	NA	NA	NA	NA
155	25.85343165	22.04221926	1.752095175	2.429293188	6.346331097	37.22604844	27.69663065	17.14650861	10.16735795	0.157244781	5.473057163	5.060636319	6.123372079	1.724358646	5.002816324	2.750610204	0.61105706	22.21887961	0.895676515	1.11692867	NA	NA	NA	NA	NA	NA	NA	NA	NA	NA	NA	NA	NA	NA	NA	NA	NA	NA	NA
156	21.74061305	19.6792271	1.788004899	1.743892459	5.147370376	34.12097256	36.03376923	21.89631255	13.71867872	0.314881564	6.876316843	5.627673591	8.362209569	1.841113955	7.59836784	3.144752651	0.938840423	22.92250721	0.267866989	1.005299297	NA	NA	NA	NA	NA	NA	NA	NA	NA	NA	NA	NA	NA	NA	NA	NA	NA	NA	NA
157	22.34588122	19.50302732	1.840639573	1.9789857	5.14921902	36.71479628	33.03769137	19.94668904	11.11976879	0.220240675	7.770838385	5.356141892	6.506641012	1.926708356	6.395924355	2.037623786	0.665095033	22.60209984	0.700079112	1.058069594	NA	NA	NA	NA	NA	NA	NA	NA	NA	NA	NA	NA	NA	NA	NA	NA	NA	NA	NA
160	15.22664525	14.57275327	1.759672034	0.527674958	12.82342225	25.16676654	34.36630133	12.33923621	5.347436775	0.657575075	1.580475035	7.077785663	2.80453928	1.158335069	1.153518707	2.794198267	0.187129831	3.446107034	0.876152917	1.195732703	NA	NA	NA	NA	NA	NA	NA	NA	NA	NA	NA	NA	NA	NA	NA	NA	NA	NA	NA
161	34.81216783	32.8586545	3.449739065	1.953513322	8.731830925	16.57577403	32.2565881	17.28765884	10.41420087	0.507593216	5.06765908	5.60460837	5.85466875	3.157512686	3.200879615	3.301224015	0.603801078	6.799534039	1.582692726	1.189988511	NA	NA	NA	NA	NA	NA	NA	NA	NA	NA	NA	NA	NA	NA	NA	NA	NA	NA	NA
162	40.95570276	35.74992499	5.178895576	5.205777771	7.276657158	24.0055285	21.88373586	12.19786382	7.337074213	0.532891995	3.536502083	4.137006871	3.991462867	3.568136181	1.440233957	1.926421532	0.376758034	10.10498991	0.902861596	1.4023545	NA	NA	NA	NA	NA	NA	NA	NA	NA	NA	NA	NA	NA	NA	NA	NA	NA	NA	NA
163	25.18706352	23.79674698	3.701086354	1.390316534	11.17745463	17.83301085	39.75887072	23.70466387	11.14583648	0.681868569	7.431271478	7.78159043	7.288548941	3.030554968	3.981240741	3.130322178	0.925366065	7.835253096	1.467283409	0.924232347	NA	NA	NA	NA	NA	NA	NA	NA	NA	NA	NA	NA	NA	NA	NA	NA	NA	NA	NA
164	26.04237802	23.65940673	2.622763386	2.304037238	7.780386322	20.58325091	40.38122757	23.3235782	10.35925759	0.76434477	8.147788471	7.153697762	6.792275466	3.357926474	3.688014342	2.701817038	0.560790584	9.088419298	1.892503776	1.071350406	NA	NA	NA	NA	NA	NA	NA	NA	NA	NA	NA	NA	NA	NA	NA	NA	NA	NA	NA
201	5.532066706	5.532066706	0.87664473	0	8.697002006	18.22802839	66.26293078	52.89784325	12.41504866	2.505885829	29.66131121	5.980056945	14.30831805	0.932337134	8.667453713	1.489533505	1.290729325	11.632904	0.798620898	0.303516791	NA	NA	NA	NA	NA	NA	NA	NA	NA	NA	NA	NA	NA	NA	NA	NA	NA	NA	NA
202	16.10850773	15.76453265	1.151287824	0.34397508	12.41319858	17.198754	50.9994491	41.14557474	10.61119764	3.189463446	24.58053064	5.045704647	7.64175582	1.483700716	7.399119913	0.99196768	0.70988431	10.18594718	0.726377431	0.484081588	NA	NA	NA	NA	NA	NA	NA	NA	NA	NA	NA	NA	NA	NA	NA	NA	NA	NA	NA
203	16.58135523	15.23979017	1.553752688	0.518349629	13.43600087	19.02650336	49.33226354	38.56746776	10.04255418	3.090006701	19.90558493	7.109257836	8.108756207	1.832435284	5.734121249	1.827380111	0.64861754	7.570185888	0.700206225	0.40726545	NA	NA	NA	NA	NA	NA	NA	NA	NA	NA	NA	NA	NA	NA	NA	NA	NA	NA	NA
204	12.73721622	11.33987321	1.268391125	0.654109036	12.72908084	21.70592899	49.68193083	39.12536139	9.767801613	2.912466927	19.38212377	8.885901868	7.6476238	1.409242523	6.109550818	1.607284446	0.589025976	8.653982755	0.814873908	0.314972868	NA	NA	NA	NA	NA	NA	NA	NA	NA	NA	NA	NA	NA	NA	NA	NA	NA	NA	NA
205	9.169503999	8.64072226	1.438076059	0.52878174	15.11011007	20.03345491	52.344405	40.67777877	11.4126816	3.060410247	21.27581568	7.762294883	8.08444333	1.696603558	7.163152688	1.608450803	0.88206671	11.83268769	0.769516939	0.242891842	NA	NA	NA	NA	NA	NA	NA	NA	NA	NA	NA	NA	NA	NA	NA	NA	NA	NA	NA
241	4.879023307	4.879023307	0.638021246	0	11.25817874	16.66043021	66.32503567	38.56709476	26.67026056	1.743671053	20.41076053	7.649067174	8.063844406	1.759103641	16.54901961	6.88230009	0.902066487	5.615982242	0.290470905	0.861053856	NA	NA	NA	NA	NA	NA	NA	NA	NA	NA	NA	NA	NA	NA	NA	NA	NA	NA	NA
242	8.545243217	8.545243217	0.458402698	0	10.49683348	15.84693198	63.85582973	38.05982608	25.30325652	0.425171285	19.7747578	7.647041053	9.273313267	1.9147018	15.20186096	6.606532119	1.385861226	5.974181259	1.524351948	0.258378212	NA	NA	NA	NA	NA	NA	NA	NA	NA	NA	NA	NA	NA	NA	NA	NA	NA	NA	NA
243	6.652784265	6.18414833	0.65911106	0.468635935	9.20503906	19.16526584	63.53771883	39.53617489	24.16404915	1.679034031	20.32573764	7.38000207	9.429497632	1.582817521	15.29367013	5.897736395	1.389825104	9.143505246	1.21878907	0.498423895	NA	NA	NA	NA	NA	NA	NA	NA	NA	NA	NA	NA	NA	NA	NA	NA	NA	NA	NA
244	6.554719607	6.554719607	1.456972496	0	8.85436288	17.82616218	66.18100917	39.84592145	26.43374904	1.666443738	19.72576079	7.236145386	11.07620605	1.964636542	16.05283535	6.924208715	1.49206844	10.92072857	0.739959922	0.364703298	NA	NA	NA	NA	NA	NA	NA	NA	NA	NA	NA	NA	NA	NA	NA	NA	NA	NA	NA
245	6.438920225	6.438920225	1.158441308	0	9.464479666	18.69684569	64.43018016	40.56316979	23.86701037	2.168568098	18.83679448	9.738847344	9.72835473	1.867827093	14.2485445	6.833244004	0.917394769	6.481457849	1.578004078	0.326405372	NA	NA	NA	NA	NA	NA	NA	NA	NA	NA	NA	NA	NA	NA	NA	NA	NA	NA	NA
255	7.651832823	6.441951017	2.008213718	0.811579845	18.14217911	21.64164919	49.45049881	29.03485934	16.05649379	1.212761791	14.69944474	5.63094717	7.293850655	7.159643343	4.99015045	2.680978273	0.936283206	11.51792503	0.214270903	0.280510564	NA	NA	NA	NA	NA	NA	NA	NA	NA	NA	NA	NA	NA	NA	NA	NA	NA	NA	NA
256	17.70306372	16.38123117	2.538793838	1.321832547	21.40737793	20.5399875	37.0817939	20.45188427	14.17552436	0.86312738	9.964474507	4.056442903	5.48485193	6.696981754	3.70601944	2.763883363	1.0086398	11.68646621	0.465526062	0.41351674	NA	NA	NA	NA	NA	NA	NA	NA	NA	NA	NA	NA	NA	NA	NA	NA	NA	NA	NA
257	16.5295484	14.33758835	3.528914909	2.332114658	16.77818308	25.35369888	38.47378467	21.51942497	14.95741536	1.159743126	10.58612366	4.20029066	5.2550731	7.33213536	4.032394967	2.612009821	0.855833288	14.34731843	0.198535105	0.456071779	NA	NA	NA	NA	NA	NA	NA	NA	NA	NA	NA	NA	NA	NA	NA	NA	NA	NA	NA
258	9.602433377	8.68017677	3.052574749	0.813723089	15.27595343	22.37710666	45.86069862	29.74792395	14.72048445	3.075951199	11.70993165	6.995402632	7.065531981	6.212569851	5.40608233	1.938853886	1.116503774	10.64658147	0.261037024	0.459736848	NA	NA	NA	NA	NA	NA	NA	NA	NA	NA	NA	NA	NA	NA	NA	NA	NA	NA	NA
259	10.21802301	9.410845073	2.567038252	0.807177936	13.63068636	22.86161572	48.08210274	31.80705898	14.5619148	1.708030996	14.90305368	6.890750591	8.299700919	6.451900692	5.570377419	1.862669295	0.67696739	13.22136218	0.248101008	0.309701429	NA	NA	NA	NA	NA	NA	NA	NA	NA	NA	NA	NA	NA	NA	NA	NA	NA	NA	NA
483	15.3	13.1	0.5	0.39	9.11	66.1	63.7	40.9	18.7	0.1	30	2.1	8.73	2.44	13.4	1.78	1.08	5.58	0.83	0.61	8.98	8.85	1.41	7.25	0.19	0.14	1.51	0.46	2.68	6.22	18.3	0.54	0.058	0.48	0.023	0.39	0.033	2.11	0.41
484	18.7	16.1	0.47	0.77	8.64	63.6	61.1	38.8	18.3	0.13	29	2.35	7.34	2.66	13	1.78	0.81	5.35	0.99	0.61	8.51	8.41	1.35	6.86	0.2	0.14	1.42	0.34	2.74	6.02	21.6	0.57	0.045	0.52	0.018	0.44	0.044	1.85	0.42
485	12.7	10.3	0.5	0.73	7.74	69.8	67.4	42.6	20.7	0.13	30.7	2.44	9.37	2.68	15.1	1.87	1.11	4.75	1.78	0.56	7.61	7.54	1.06	6.34	0.14	0.099	1.53	0.37	2.87	5.4	16.9	0.42	0.026	0.4	0.027	0.33	0.078	2.3	0.46
486	18.7	15.8	0.56	0.76	11.9	59.8	56.8	35.7	16.7	0.14	26.8	2.02	6.69	2.43	11.9	1.49	0.85	5.32	0.66	0.7	11.7	11.5	1.85	9.38	0.3	0.17	1.73	0.53	2.89	6.32	21.6	0.68	0.062	0.61	0.031	0.5	0.022	2.21	0.66
487	11.7	9.74	0.52	0.39	8.13	69.9	67.5	42.8	20.5	0.11	30.7	2.45	9.56	2.2	15.2	2.08	1.09	5.66	1.33	0.47	7.99	7.9	1.31	6.43	0.17	0.12	1.71	0.37	2.96	6.42	15.3	0.47	0.027	0.44	0.022	0.36	0.031	2.2	0.53
490	12.9	1.26	1.36	0.42	13	52.1	51.2	21.9	24	5.36	6.07	6.5	3.99	15.1	1.95	6.56	0.37	5.63	3.25	0.055	12.9	12.6	3.26	9.11	0.24	0.2	0.5	0.58	3.83	7.54	24.4	0.66	0.028	0.63	0.019	0.52	0.00418	7.4	0.37
491	13.8	1.62	2.68	0.47	15.4	48.1	47.3	20.3	21.8	5.59	6.16	5.4	3.17	14.4	1.54	5.66	0.28	4.65	5.24	0.052	15.3	15.1	3.06	11.8	0.19	0.17	0.51	0.66	3.6	6.24	26.9	0.59	0.019	0.57	0.00552	0.52	0.006	6.93	0.23
492	12.2	2.55	1.85	0.36	11.1	56.7	56	25	25.2	4.66	9	6.08	5.28	15.3	3.15	6.19	0.54	5.63	3.42	0.1	10.9	10.7	2.26	8.3	0.14	0.13	0.31	0.54	4.26	8.05	21.1	0.54	0.024	0.51	0.00452	0.44	0.00928	4.43	0.43
493	9.97	1.66	1.64	0.1	11.8	51.5	50.5	19.7	23.8	3.75	6.88	4.73	4.36	13.2	2.25	7.93	0.5	9.08	3.12	0.099	11.6	11.2	2.94	8.09	0.19	0.18	0.59	0.54	5.25	12.7	20.1	0.48	0.018	0.47	0.014	0.4	0.00256	6.23	0.63
494	9.09	1.33	0.98	0.2	10.9	59.9	59.3	30.2	23.8	4.22	14.4	5.67	5.95	15	2.38	6.13	0.23	6.35	2.47	0.18	10.8	10.5	2.28	8.05	0.15	0.14	0.27	0.47	3.97	8.73	17.9	0.48	0.025	0.45	0.014	0.37	0.00968	5.74	0.41
498	15.8	12.7	0.41	0.62	9.88	56.1	54.8	41.1	11.2	0.035	22	2.53	16.5	0.66	7.43	2.35	0.75	12.8	2.15	0.65	9.62	9.57	0.79	8.61	0.16	0.15	0.81	0.26	1.41	13.7	19.9	1.01	0.22	0.78	0.018	0.73	0.023	1.87	0.87
499	20.4	16.5	0.63	1.43	8.35	39.9	38.7	28.3	8.25	0.039	15.7	1.81	10.7	0.7	4.91	2.09	0.55	23.9	3.98	0.5	8.11	8.06	0.62	7.29	0.13	0.13	0.81	0.16	1.25	24.6	26.8	0.95	0.19	0.76	0.012	0.72	0.033	2.38	0.73
500	15.2	10.3	0.77	2.3	8.48	41.7	40.6	29.7	8.62	0.033	16.5	2.22	10.9	0.87	5.11	2.08	0.56	27.2	3.82	0.44	8.2	8.11	0.57	7.41	0.12	0.12	0.81	0.17	1.29	27.9	21.4	0.91	0.3	0.61	0.00535	0.57	0.016	2.41	0.69
501	15.5	12.3	0.59	0.91	11.1	50.8	49.9	37.5	10.2	0.038	19.7	2.63	15.1	0.61	6.67	2.14	0.79	15.3	3.69	0.39	10.8	10.4	0.72	9.56	0.15	0.14	0.69	0.18	1.21	16.3	21.4	0.97	0.29	0.68	0.012	0.63	0.086	2.14	0.96
502	16.1	12.5	0.5	1.14	7.77	46	44.7	32.7	9.26	0.037	15.8	2.62	14.2	0.8	5.08	2.55	0.83	22.5	4.3	0.52	7.47	7.41	0.58	6.69	0.13	0.13	0.92	0.2	1.6	23.4	22.2	1	0.21	0.8	0.00944	0.75	0.042	1.81	0.99
506	15.8	10.3	2.24	1.41	8.07	68.9	66.5	34.2	26.6	1.25	7.34	6.2	19.4	2.47	11	5.02	8.12	3.99	0.57	0.32	7.92	7.86	2.5	4.91	0.37	0.33	1.75	2.7	1.8	4.6	18.2	1.03	0.24	0.79	0.013	0.74	0.00176	1.71	0.53
507	13.9	9.01	1.8	1.35	7.98	70.6	68.2	35.7	27.1	1.15	8.49	6.17	19.8	2.14	12.2	4.66	8.09	4.16	0.62	0.28	7.78	7.73	2.33	5	0.31	0.28	1.65	2.73	1.63	4.72	16.5	0.96	0.26	0.7	0.00604	0.66	0.00769	1.93	0.48
508	14.8	8.01	2.51	2.05	8.04	67.6	64.7	33.7	25.6	1.62	7.95	7.02	17.1	2.85	10.5	5.41	6.91	5.18	0.67	0.35	7.85	7.76	2.29	5.08	0.3	0.28	2.26	2.38	1.95	5.75	18.4	1.14	0.31	0.83	0.00976	0.76	0.00422	2.93	0.47
509	14.3	9.95	1.5	0.97	8.11	69.9	68	36.2	26.4	0.99	8.88	5.56	20.8	1.81	12	4.46	8.07	3.13	0.67	0.38	7.89	7.5	2.17	4.82	0.43	0.3	1.5	2.83	1.61	3.85	17.9	0.98	0.35	0.63	0.00513	0.6	0.00806	2.93	0.64
510	19.2	12.7	2.52	1.48	8.91	64.2	62.2	33	23.8	0.97	7.05	5.63	19.4	1.82	9.88	4.32	7.84	3.59	0.55	0.45	8.72	8.62	2.77	5.35	0.41	0.38	1.48	2.35	1.84	4.18	22.5	1.37	0.39	0.97	0.014	0.92	0.00453	2.74	0.51
513	34.6	28.6	2.25	1.47	6.06	48.8	46.4	36.7	7.58	0.18	20.1	2.55	13.9	0.72	4.67	1.25	0.94	7.19	0.57	0.54	5.85	5.82	0.7	5.01	0.1	0.092	0.89	0.25	1.18	7.77	37	1.06	0.14	0.92	0.00782	0.88	0.051	1.77	0.46
514	31.1	26.2	1.54	1.14	8.65	50.5	47.8	36.2	8.95	0.3	17.9	3.1	14.9	0.88	5.01	1.69	1.37	6.71	0.71	0.51	8.42	8.38	1.17	7.1	0.098	0.093	1.54	0.29	1.55	7.13	33.4	1.06	0.15	0.91	0.012	0.85	0.017	1.62	0.31
515	32.3	27.4	1.61	1.4	7.65	50.8	48.4	37.5	8.51	0.38	20.2	2.69	14.3	0.72	5.14	1.34	1.32	6.1	0.93	0.51	7.4	7.35	0.96	6.32	0.073	0.07	1.24	0.27	1.23	6.53	34.7	0.94	0.098	0.84	0.00678	0.8	0.013	1.46	0.33
516	37	30.2	2.41	2.36	8.45	45.2	42.8	33.4	7.73	0.2	16.9	2.85	13.4	0.65	4.55	1.34	1.2	6.22	0.85	0.53	8.01	7.9	1.02	6.78	0.092	0.089	1.36	0.25	1.11	6.65	39.5	1.05	0.11	0.94	0.00373	0.91	0.018	1.58	0.33
517	26.9	22.2	1.93	0.96	8.44	53.7	51	39.6	9.14	0.36	19.7	3.2	16.4	0.81	5.28	1.51	1.54	6.65	1	0.3	8.13	8.08	1.06	6.92	0.11	0.1	1.76	0.29	1.44	7.1	30.5	0.86	0.14	0.72	0.00253	0.68	0.013	2.63	0.35
521	13.5	9.35	2.4	0.62	7.64	62.9	60.7	44.4	11.7	0.14	24.7	2.52	17	1.09	8.01	1.6	1.02	11.7	0.94	0.2	7.59	7.53	0.69	6.75	0.087	0.083	0.97	0.23	2.95	12.6	16.5	0.39	0.035	0.35	0.01	0.32	0.096	1.96	0.78
522	15.5	11.6	1.98	0.55	6.48	66.1	64.2	47.7	11.7	0.16	25.7	3.17	18.6	0.97	7.75	1.8	1.13	8.15	0.75	0.24	6.44	6.38	0.63	5.66	0.086	0.083	0.74	0.29	3.13	8.89	18.2	0.5	0.045	0.46	0.00658	0.42	0.074	1.81	0.61
523	15.6	10.2	2.86	1.2	6.8	65.9	63.8	48.1	11.1	0.21	27.4	2.71	17.8	0.89	7.81	1.4	1.01	8.11	0.75	0.22	6.75	6.67	0.56	6.03	0.081	0.077	0.73	0.29	2.71	8.89	18.1	0.46	0.032	0.42	0.00717	0.39	0.051	1.66	0.65
524	14.2	10.4	2.06	0.36	7.25	67	65.1	48.2	12.3	0.17	26.3	3.18	18.5	1.04	8.39	1.71	1.15	7.69	0.74	0.21	7.14	6.75	0.64	5.99	0.11	0.097	0.88	0.29	3.03	8.47	16.9	0.45	0.034	0.42	0.013	0.38	0.042	1.9	0.63
525	13.6	10.2	1.63	0.47	7.56	68.3	66.4	49.2	12.5	0.19	26.6	3.29	19.1	1	8.74	1.65	1.11	6.93	0.88	0.17	7.52	7.48	0.67	6.7	0.1	0.096	0.88	0.31	3.09	7.66	16.2	0.46	0.034	0.43	0.00605	0.39	0.052	1.67	0.62
529	13.1	10.9	0.29	0.29	7.92	67.8	65.8	43.5	20.4	0.52	19.9	6.38	16.7	0.9	16.3	1.93	1.26	5.8	2.03	0.62	7.83	7.35	1.99	5.02	0.33	0.31	1.85	0.38	0.92	6.37	17.7	0.79	0.33	0.46	0.00216	0.45	0.014	2.53	0.43
530	18.9	16	0.57	0.54	7.48	57.8	54.5	36.2	16.2	1.04	15.3	7.03	12.8	1.23	12.1	1.88	0.98	11.9	0.92	0.64	7.38	6.96	1.83	4.78	0.34	0.32	2.99	0.4	1.01	12.4	22.2	0.7	0.32	0.39	0.000433	0.37	0.00837	2.34	0.31
531	13.6	10.4	0.47	0.85	6.18	63.9	60.3	39.9	18.1	1.22	16.6	8.07	14.1	1.47	13.3	2.27	1.06	12.3	1.07	0.66	6.1	5.86	1.46	4.14	0.26	0.25	3.25	0.45	1.08	12.9	16.9	0.86	0.29	0.56	0.000938	0.54	0.00438	2.19	0.37
532	13.9	11.2	0.51	0.4	7.54	63.2	59.9	39.7	18.1	1.03	16.8	7.5	14.4	1.37	13.6	2	1.14	11.6	0.92	0.66	7.38	6.22	1.52	4.41	0.28	0.26	2.98	0.41	1	12.2	16.9	0.81	0.34	0.47	0.00127	0.46	0.00928	2.06	0.43
533	8.7	5.95	0.064	0.04	11.5	68.5	64.1	41.5	19.4	0.85	16.5	8.58	15.6	1.26	14.6	2.32	1.27	7.87	0.44	0.77	11.4	11	3.48	7.27	0.25	0.24	3.52	0.76	1.21	8.11	11.3	1.4	0.76	0.63	0	0.47	0.00618	2.15	0.27
537	32.3	28.6	0.94	0.67	7.63	39.2	38.6	26.5	11	NA	NA	NA	NA	NA	NA	NA	NA	14	0.49	0.65	7.55	7.5	1.28	6.1	0.13	0.12	0.3	0.16	0.62	15	38	0.96	0.1	0.86	0.015	0.78	0.028	5.14	0.82
538	46.1	41.7	0.82	1.46	8.8	32.1	31.4	22.2	8.41	NA	NA	NA	NA	NA	NA	NA	NA	7.49	0.59	0.44	8.68	8.61	1.63	6.87	0.11	0.1	0.3	0.17	0.4	8.23	50.6	1.12	0.12	1	0.023	0.91	0.084	3.91	0.61
539	27.9	23.3	1.05	1.3	8.92	52.5	51.5	35.6	13.9	NA	NA	NA	NA	NA	NA	NA	NA	6.41	0.42	0.55	8.81	8.74	1.4	7.22	0.12	0.11	0.49	0.38	1.19	7.33	30.9	1.12	0.058	1.06	0.022	0.98	0.029	2.56	0.8
540	26.7	23.4	0.52	0.59	11.6	50.6	49.5	34.2	13.4	NA	NA	NA	NA	NA	NA	NA	NA	5.81	0.77	0.6	11.4	11.2	1.98	9.03	0.21	0.19	0.59	0.33	0.92	6.96	30.4	0.98	0.15	0.82	0.016	0.73	0.065	2.93	1.03
541	28	23.3	0.95	0.57	10.3	40.8	39.4	26.7	10.6	NA	NA	NA	NA	NA	NA	NA	NA	13.5	0.43	1.11	10	9.95	1.92	7.86	0.17	0.16	0.63	0.23	1.11	14.7	34	1.27	0.12	1.14	0.03	1.02	0.021	5.49	0.99
546	12.2	9.19	1.28	0.55	21	56.9	55	41.6	10.4	0.092	27.1	2.76	11.6	0.86	7.09	1.32	1.12	5.18	1.02	0.44	20.8	20.6	2.3	18.1	0.17	0.16	0.97	0.15	2.15	6.58	15.3	0.56	0.15	0.41	0.00373	0.36	0.053	1.95	1.4
547	18.2	14.1	1.34	0.88	22.9	49.8	47.4	34.9	9.15	0.11	21.8	2.77	10.2	0.91	5.73	1.44	1.06	4.4	1.15	0.63	22.7	22.5	2.66	19.7	0.14	0.14	1.06	0.16	2.14	5.57	21.4	0.91	0.32	0.59	0.01	0.49	0.066	1.93	1.17
548	12.5	9.13	1.21	0.71	22.8	56	53.6	39.6	10.4	0.12	25.8	3.19	10.5	1	6.49	1.66	1.2	4.16	0.99	0.49	22.6	22.4	2.41	19.8	0.15	0.14	1.27	0.19	2.5	5.41	15.5	0.74	0.2	0.54	0.00782	0.46	0.052	1.9	1.26
549	11.7	8.42	1.11	0.59	21.9	58.1	55.8	41.7	10.6	0.092	29.1	2.42	10.1	0.87	7.41	1.32	1.04	3.86	0.84	0.42	21.7	21.3	2.49	18.7	0.14	0.13	1.12	0.24	2.29	5.18	14.3	0.82	0.27	0.54	0.00639	0.47	0.056	1.72	1.32
550	17.3	13.2	1.51	0.65	18.2	53.5	50.4	36.9	10.2	0.079	24.2	2.41	10.3	1.18	6.46	1.51	1	6.39	0.87	0.5	17.9	17.7	2.01	15.6	0.12	0.11	1.62	0.18	2.35	7.59	20.5	0.98	0.41	0.58	0.00523	0.43	0.071	2.19	1.2
554	19.9	16.4	1.2	0.56	8.03	43.1	40.5	22.7	14.2	0.1	14.2	3.02	5.34	3.02	5.73	4.76	0.69	22.4	1.94	0.83	7.96	7.92	1.5	6.33	0.087	0.07	0.86	0.29	2	22.9	25.8	0.66	0.34	0.32	0.00216	0.26	0.05	3.92	0.56
555	27.5	24.1	1.32	0.69	8.82	41.9	38.7	22.8	12.7	0.17	12.8	3.62	6.26	2.25	5.63	3.78	1.09	15.1	1.86	0.48	8.76	8.67	1.5	7.1	0.072	0.064	0.65	0.27	1.5	15.6	33.5	0.71	0.37	0.34	0.00466	0.27	0.13	3.91	0.47
556	22.2	18.8	0.75	0.66	14.9	43.3	39.8	23.4	13.2	0.18	14.1	3.77	5.38	2.51	5.54	4.08	1.05	13.1	1.56	0.45	14.8	14.7	2.14	12.5	0.087	0.079	0.73	0.33	1.53	13.6	27.8	1.07	0.65	0.42	0.00215	0.34	0.13	3.96	0.53
557	15.4	11.9	0.88	0.59	13	50	47.9	29.5	15	0.18	17.8	4	7.53	2.75	6.64	4.13	1.44	14.6	2.26	0.94	12.9	12.8	2.03	10.7	0.1	0.089	0.74	0.39	1.78	15.3	21.3	0.82	0.45	0.37	0.00267	0.31	0.16	3.49	0.63
558	19.1	15.7	0.93	0.66	7.91	49.1	47.6	30.1	14.3	0.14	18.2	4.01	7.79	2.1	7.5	3.4	1.35	16.3	2.67	0.89	7.86	7.73	1.41	6.25	0.068	0.062	0.62	0.26	1.79	16.9	25.9	0.66	0.37	0.29	0.00149	0.26	0.1	4.04	0.59
562	15.7	12.3	1.18	0.93	8.75	66.3	64.4	35.9	20.5	0.29	24.1	2.76	8.73	2.19	16	1.59	0.71	3.93	0.84	0.57	8.66	8.54	1.36	7.11	0.08	0.067	1.06	0.45	6.41	4.88	19.9	0.54	0.2	0.34	0.00604	0.3	0.075	3.26	0.95
563	23.4	20.2	0.82	0.8	12.2	56	54.9	31.3	18.3	0.26	22.9	2.07	6.08	1.4	15.1	1.26	0.57	1.91	0.68	0.52	12.1	11.9	1.85	9.98	0.091	0.073	0.56	0.39	4.01	2.41	29.1	0.46	0.17	0.29	0.000863	0.27	0.11	4.86	0.51
564	18.2	13.4	0.77	2.16	9.23	67.4	65.1	36.8	22	0.37	27	3.03	6.42	2.3	17.8	1.55	0.38	1.95	0.64	0.89	9.12	9.02	1.11	7.86	0.064	0.056	0.83	0.6	4.59	2.68	20.5	0.75	0.16	0.59	0.00314	0.5	0.015	1.62	0.73
565	17.4	14.8	0.62	0.21	10.1	65.3	63.3	34.8	20.7	0.35	23.8	3.18	7.38	2.39	16	1.76	0.57	3.66	0.83	1.03	9.95	9.79	1.24	8.47	0.088	0.071	1.04	0.52	6.23	4.67	19.7	0.65	0.16	0.49	0.00604	0.45	0.019	1.38	1.01
566	11.5	9.31	0.49	0.33	10.5	71.2	69.2	38.1	23.3	0.31	26.6	3.28	7.9	2.4	18.3	2.01	0.61	3.21	0.68	0.75	10.4	10.3	1.42	8.81	0.092	0.084	0.93	0.47	6.39	4.25	13.9	0.52	0.14	0.38	0.00517	0.34	0.014	1.59	1.04
569	36.3	32.3	0.91	0.57	6.92	35.2	33.3	18.3	10.3	0.027	9.12	2.32	6.82	0.82	5.18	3.28	1.05	15.7	1.28	0.93	6.68	6.46	0.57	5.85	0.04	0.03	0.76	0.29	3.65	17.3	40.3	1.01	0.13	0.88	0.019	0.8	0.071	2.58	1.08
570	50	44.9	1.26	1.14	7.61	22.2	20.6	10.8	5.95	0.023	5.77	1.16	3.88	0.58	2.64	2.08	0.65	14.3	1.65	1.1	7.37	7.18	0.68	6.45	0.037	0.033	0.61	0.17	3.09	15.8	54.2	0.94	0.071	0.87	0.00562	0.81	0.038	2.48	0.92
571	39.9	35	0.8	1.12	8.07	33.9	31.5	17.3	9.38	0.069	9.01	1.83	6.4	0.64	4.92	2.75	1.07	12	1.71	1.14	7.75	7.62	0.63	6.94	0.042	0.04	1.07	0.28	3.8	13.5	44.2	1.23	0.086	1.14	0.011	1.07	0.012	2.58	0.99
572	43.2	37.6	1.31	0.7	9.41	27.5	25.9	15.2	6.97	0.067	7.49	1.85	5.76	0.58	3.4	2	0.99	12.7	2.52	1.12	9.15	8.96	0.79	8.1	0.06	0.054	0.75	0.26	2.81	14.5	48.3	1.73	0.12	1.61	0.022	1.53	0.19	2.36	1.23
573	32.5	29.3	0.29	0.25	7.34	42.7	40.8	23.3	12	0.034	12.6	1.9	8.71	0.51	7.58	2.73	1.19	9.92	2.22	1.15	7.19	7.1	0.56	6.49	0.041	0.04	1.11	0.26	4.32	11.4	38.4	0.95	0.11	0.84	0.012	0.76	0.046	3.55	1.02
585	18	14.3	1.44	1.16	8.21	61.4	58.4	27.6	25.5	0.13	16.9	2.56	8.06	4.83	17	2.49	1.28	7.19	0.47	0.17	8.05	8.05	1.58	6.26	0.21	0.17	2.09	0.34	4.13	8.71	21.5	0.61	0.041	0.57	0.012	0.53	0.024	2.95	0.47
586	22.3	18.9	0.95	0.96	9.55	58	56	27.2	24.9	0.074	19.5	1.3	6.32	3.23	19.1	1.67	0.91	4.82	0.2	0.31	9.38	9.38	1.91	7.23	0.24	0.2	1.44	0.19	3.13	6.25	26.1	0.68	0.049	0.63	0.021	0.56	0.048	3.49	0.41
587	26.5	21.4	1.66	1.97	10	53.6	50.9	22.5	23.7	0.1	15.8	1.57	5	4.63	15.7	2.37	1	5.2	0.37	0.35	9.77	9.77	1.87	7.55	0.34	0.28	2.18	0.22	3.78	6.67	29.7	0.68	0.043	0.64	0.028	0.57	0.00544	2.71	0.45
588	29	22.9	2.79	1.59	10.3	49.5	46.7	21.1	20.8	0.11	12.4	2.38	6.21	4.82	12.6	2.22	1.17	6.66	0.17	0.29	10.1	10.1	2.02	7.72	0.34	0.28	1.96	0.28	3.8	8.48	31.6	0.95	0.036	0.92	0.017	0.86	0.00496	2.4	0.5
589	24.1	19.2	2.05	1.18	12.6	53.4	51.2	23.5	22.8	0.087	15	1.92	6.47	4.13	15.5	1.95	1.24	5.1	0.32	0.21	12.4	12.4	2.11	9.95	0.32	0.27	1.59	0.27	3.89	6.73	27.1	0.87	0.037	0.84	0.019	0.77	0.00389	2.65	0.38
593	28.8	22.6	2.64	1.18	9.95	35.4	32.9	19.3	11.2	0.13	10.2	2.51	6.44	1.76	4.4	3.77	1.24	21.5	1.72	0.8	9.91	9.91	0.98	8.66	0.27	0.24	1.3	0.35	1.79	22.5	32	1.26	0.11	1.14	0.04	0.99	0.098	1.33	0.7
594	31	25.2	1.74	1.56	12.9	34.4	33.1	20.2	10.7	0.081	13.3	1.27	5.56	1.32	4.86	2.74	1.74	17.4	1.82	0.82	12.8	12.8	1.11	11.5	0.2	0.19	0.48	0.36	1.54	18.3	34.2	1.31	0.082	1.23	0.032	1.08	0.11	1.26	0.68
595	30.1	24	1.5	1.59	14	40	38.7	25.2	11.1	0.11	15.5	1.95	7.59	1.28	5.27	2.95	1.65	11.8	1.82	1.11	13.9	13.9	1.34	12.4	0.27	0.24	0.58	0.4	1.58	12.5	33.3	1.53	0.15	1.39	0.032	1.21	0.13	1.17	0.55
596	32.3	27.3	1.14	0.85	16.5	34	32.7	19.5	10.8	0.12	12	1.94	5.42	1.37	4.39	3.16	1.91	12.2	2.67	1.18	16.5	16.5	1.35	14.8	0.36	0.27	0.5	0.4	1.63	13	36.3	1.33	0.13	1.2	0.022	1	0.18	1.12	0.64
597	27.6	21.2	2.23	1.26	11.3	27	25.3	14.2	8.75	0.088	8.69	1.31	4.08	1.4	2.99	2.95	1.41	29.2	2.07	1.04	11.2	11.2	1	10	0.22	0.2	0.9	0.3	1.76	30.3	31.3	1.51	0.1	1.41	0.033	1.23	0.077	1.45	0.68
601	29	23.4	2.06	1.26	6.49	47.4	45.8	22	18.2	0.61	14.5	2.93	4.03	8.9	5.78	2.38	1.17	11.6	0.34	1.23	6.43	6.43	1.84	4.31	0.28	0.19	0.84	0.6	4.02	13.4	32.4	0.62	0.15	0.47	0.012	0.43	0.00245	2.96	0.96
602	35.7	30.6	2.01	1.2	10.4	37.4	36	13.3	17.3	0.56	8.38	2.37	1.99	9.48	4.14	2.54	1.13	9.78	1.14	0.93	10.3	10.3	2.69	7.26	0.34	0.27	0.95	0.36	4.18	11.5	40.4	0.48	0.11	0.37	0.00668	0.34	0.047	3.39	0.66
603	36.1	27.7	2.62	3.59	6.84	42	40.1	16	18.4	0.85	8.82	3.37	3.01	10.1	4.09	2.95	1.3	9.17	1.33	1.15	6.78	6.78	1.62	4.88	0.27	0.19	1.06	0.45	4.29	10.3	40.6	0.7	0.13	0.57	0.00501	0.53	0.00531	2.97	1.09
604	27	22.2	1.99	0.61	8.93	45.1	43.6	16	21.3	0.81	9.13	3.4	2.63	11.4	5.36	2.96	1.65	12.1	2.05	1.07	8.86	8.86	2.03	6.54	0.29	0.21	1.08	0.43	4.68	13.3	32.4	0.7	0.13	0.56	0.011	0.52	0.031	3.09	1.15
605	27.8	22.5	2.29	1.04	10.7	43.9	42.2	14.5	21.6	0.79	8.09	3.21	2.42	11.6	5.55	2.74	1.72	10.9	1.49	0.95	10.6	10.6	2.56	7.71	0.36	0.29	1.13	0.49	4.48	12.4	32.7	0.76	0.1	0.66	0.00791	0.63	0.01	3.09	1.11
608	41.5	32	6.09	2.1	8.39	31.7	30	18.7	8.95	0.072	10.3	1.66	6.61	0.65	4.81	2.28	1.21	14.1	1.3	0.36	8.26	8.22	0.88	7.16	0.17	0.15	1.06	0.26	1.41	14.9	44.7	0.47	0.1	0.37	0.00485	0.36	0.22	1.61	0.63
609	52.6	43.4	4.73	2.16	9.86	20.2	18.9	12.5	5.15	0.065	7.43	1.08	3.96	0.36	2.77	1.26	0.77	12.2	1.58	0.47	9.77	9.76	1.32	8.16	0.27	0.26	0.56	0.16	0.68	13.1	56.6	0.6	0.17	0.43	0.00291	0.4	0.18	2.09	0.75
610	40.9	30.7	5.59	2.53	11.1	26.3	24.7	15	7.66	0.11	7.53	1.93	5.45	0.74	3.12	2.4	1.4	15.7	1.55	0.54	10.9	10.9	1.27	9.42	0.23	0.22	0.97	0.24	1.22	17.1	45.2	0.96	0.22	0.74	0.00445	0.71	0.17	2.5	1.05
611	44	33.6	6.6	1.29	9.92	22.5	21.1	12.3	7	0.063	6.31	1.56	4.35	0.74	2.81	2.34	1.11	17	2.02	0.69	9.78	9.77	1.08	8.44	0.24	0.21	0.9	0.19	1.08	18.4	48.9	0.65	0.14	0.51	0.0038	0.48	0.25	2.56	1.08
612	46.7	37.8	2.59	1.1	13.3	23.4	21.9	13.6	6.54	0.066	7.46	1.49	4.57	0.57	3.05	1.88	1.03	10.6	2.13	0.53	13.2	13.2	1.33	11.6	0.27	0.26	0.86	0.19	1.12	11.5	51.6	0.85	0.15	0.69	0.00525	0.62	0.18	2.41	0.75
616	21.9	16.4	2.97	0.88	18.3	23.9	21.8	7.16	7.14	0.1	3.5	1.35	2.2	1.28	2	3.51	0.35	27.5	2.69	0.47	18.2	18.2	0.82	16.6	0.74	0.71	0.66	0.25	5.15	30.1	27.5	0.99	0.16	0.83	0.02	0.73	0.26	2.29	0.68
617	26.4	20.8	2.92	1.28	19.3	23.7	21.7	7.99	6.86	0.1	4.29	1.23	2.36	1.07	2.39	3	0.4	23.2	2.33	0.43	19.2	19.2	0.86	17.6	0.79	0.76	0.61	0.24	4.72	25.3	31.4	0.8	0.12	0.68	0.016	0.6	0.2	2.15	0.59
618	25.3	19.9	2.21	1.61	17	33.7	31.7	15.9	8.33	0.16	8.83	2.23	4.65	0.96	4.43	2.36	0.57	16.5	2.09	0.35	16.9	16.9	0.66	15.7	0.58	0.55	0.59	0.47	4.76	18.3	30.7	1.03	0.091	0.94	0.016	0.86	0.23	2.73	0.8
619	32.1	27.1	2.09	0.61	23.5	18.6	16.9	5.35	5.78	0.087	2.7	1.05	1.51	1.07	1.72	2.65	0.35	18.4	2.5	0.25	23.4	23.4	1.04	21.3	1.01	0.93	0.47	0.13	4.03	20.8	36.8	1.28	0.2	1.09	0.043	0.88	0.29	1.67	0.93
620	34.2	28.2	1.79	1.23	27	17.2	15.7	5.36	4.6	0.082	2.44	1.16	1.68	0.85	1.35	2.05	0.35	13.9	2.91	0.37	27	27	1.08	24.9	0.95	0.92	0.42	0.17	4.1	15.9	39.6	1.27	0.23	1.03	0.027	0.8	0.19	2.02	0.76
623	34.9	28.2	1.88	1.47	9.81	38.5	32	11.2	18	0.26	6.66	2.01	2.23	9.73	3.6	3.76	0.93	10.9	1.06	0.83	9.78	9.77	1.12	8.15	0.49	0.48	4.38	0.42	1.78	12.3	39.1	1.75	0.37	1.38	0.039	1	0.34	2.81	0.77
624	35.6	29.8	1.25	1.09	14	32.4	27	10.5	14	0.19	7.13	1.4	1.76	7.07	3.06	3.15	0.74	11.1	1.62	0.82	14	14	1.57	11.7	0.65	0.64	3.29	0.4	1.61	12.6	40.8	1.97	0.45	1.52	0.037	0.97	0.22	3.24	0.89
625	29.3	26.2	0.76	0.41	12.7	43.7	38.1	16.9	18.1	0.25	10.9	1.99	3.77	7.18	5.93	3.77	1.19	8.5	0.96	0.58	12.7	12.7	1.36	10.7	0.6	0.57	4.06	0.43	2.09	9.7	33.7	1	0.28	0.72	0.015	0.64	0.07	3.31	0.7
626	42.9	38.6	0.87	0.64	12.9	30.2	24.7	6.58	15.9	0.13	4.33	0.86	1.26	8.62	2.87	3.55	0.85	9.74	0.5	0.42	12.8	12.8	1.33	11	0.53	0.51	3.82	0.32	1.53	10.9	45.9	1.68	0.43	1.25	0.026	0.64	0.16	2.21	0.59
627	35.6	29.2	2.01	1.07	13.4	30.8	25.7	8.81	14.2	0.22	5.03	1.47	2.08	7.39	2.34	3.49	1	10.7	0.73	0.58	13.4	13.4	1.7	11.1	0.64	0.63	3.92	0.36	1.7	12.2	43.4	1.71	0.35	1.36	0.036	1.1	0.28	6.66	0.74
630	22.5	18.6	1.72	0.61	14.3	50.3	47.9	30.6	11.1	0.34	14.9	6.6	8.73	2.52	5.67	2.24	0.66	7.36	1.5	0.49	14.3	14.3	1.69	11.5	1.11	1.04	0.82	0.2	4.77	9.06	26.2	0.79	0.084	0.7	0.023	0.6	0.17	1.78	1.24
631	20.5	16.3	1.71	1.01	14.5	53.7	51.6	33.2	12.6	0.28	18.8	5.4	8.69	2.29	7.68	2.05	0.62	5.82	1.45	0.43	14.5	14.5	1.71	11.8	1.04	1	0.66	0.19	4.34	7.31	24.3	0.65	0.076	0.58	0.022	0.47	0.15	2.03	1.06
632	17.9	14.4	1.36	0.55	13.2	51.5	49.2	30.4	12.3	0.27	14.2	6.42	9.44	3.01	6.35	2.31	0.63	10.8	1.94	0.3	13.2	13.2	1.72	10.3	1.17	1.12	0.9	0.16	5.12	12.7	22.4	0.86	0.085	0.77	0.022	0.63	0.11	2.12	1.27
633	23	20	1.03	0.44	19.7	44.8	43	27.2	10.6	0.28	12.8	6.17	7.9	2.29	5.57	1.93	0.8	6.06	1.72	0.35	19.7	19.7	2.27	15.9	1.51	1.42	0.73	0.19	3.97	7.87	27.3	0.85	0.11	0.74	0.024	0.6	0.21	2.24	1.35
634	19.8	16.9	1.15	0.55	11.6	57.1	55.3	36.8	13.1	0.25	20.5	5.32	10.7	2.02	8.46	1.94	0.68	5.67	1.14	0.43	11.6	11.6	1.74	8.79	1.1	1.01	0.72	0.16	4.15	7.54	23.6	0.63	0.05	0.58	0.028	0.49	0.13	2.37	1.47
636	32.4	26.2	1.71	1.82	9.94	45	42.6	28.7	11.4	0.84	20	4.32	3.51	1.86	8.4	0.95	0.19	6.75	1.66	1.33	9.83	9.83	1.47	8.1	0.26	0.23	1.56	0.24	1.59	8.55	36.4	0.98	0.14	0.84	0.00792	0.75	0.03	2.16	1.5
637	27.7	22.7	1.41	1.46	10.9	51.7	50.5	35.4	13	0.56	27.7	3.54	3.58	1.18	10.9	0.8	0.18	3.86	1.72	1.05	10.8	10.8	1.8	8.75	0.28	0.25	0.88	0.23	1.39	5.21	32	0.72	0.17	0.54	0.00446	0.5	0.045	2.45	1.15
638	21.4	16.6	1.54	1.1	10.4	56.1	53.7	37.1	13.8	0.95	26.4	5.22	4.46	1.77	10.6	1.22	0.24	5	2.19	1.11	10.3	10.3	1.61	8.38	0.29	0.24	1.7	0.42	1.74	6.87	26.4	0.79	0.2	0.59	0.00748	0.51	0.033	2.56	1.62
639	19.8	16.1	1.15	0.95	9.02	61.5	59.6	41.3	16	0.65	31.1	4.1	5.41	1.45	13.2	0.96	0.3	4.02	1.68	0.66	8.94	8.94	1.44	7.22	0.27	0.22	1.27	0.29	1.54	5.68	23.6	0.71	0.13	0.58	0.0065	0.53	0.011	2.02	1.46
640	15.4	11.5	0.92	0.79	8.9	64.8	62.7	44.6	15.5	0.68	33.1	4.82	5.99	1.27	13	0.98	0.27	5.06	1	1.15	8.83	8.83	1.46	7.15	0.23	0.21	1.65	0.28	1.64	6.52	19.6	0.7	0.15	0.55	0.00508	0.5	0.012	2.99	1.25
643	18.9	15.1	1.34	0.36	8.49	55.2	52.6	26.2	21.9	1.39	9.64	3.94	11.2	5.74	14.4	1.21	0.54	11.3	0.34	0.82	7.98	7.97	0.77	7.03	0.16	0.14	1.19	0.23	2.73	13.2	22.7	0.82	0.074	0.74	0.000415	0.45	0.28	3.14	0.75
644	25.1	21.2	0.81	0.3	11.7	52.6	51.1	26.9	20.7	0.93	10.1	3.46	12.4	4.18	14.5	1.33	0.66	5.13	0.41	0.9	11.2	11.2	1.01	9.94	0.25	0.21	0.7	0.17	2.12	6.16	28.9	1.13	0.24	0.88	0.00153	0.49	0.11	3.3	0.39
645	33	27.9	1.67	0.71	8.8	45.5	43.7	20.8	19.6	0.92	7.22	3.16	9.54	4.75	12.9	1.31	0.66	6.92	0.63	1	8.22	8.22	0.86	7.22	0.13	0.12	0.92	0.17	2.13	8.24	37	0.86	0.087	0.78	0.00131	0.5	0.14	3.22	0.54
646	25	20.4	1.8	0.44	9.96	54.1	52.5	27.1	21.9	0.96	8.2	4.36	13.6	4.95	14.4	1.62	0.96	5.31	0.52	0.52	9.24	9.24	0.85	8.19	0.19	0.14	0.89	0.22	2.15	6.4	28.8	1.16	0.077	1.08	0.0018	0.77	0.094	3.15	0.54
647	23.2	18.8	1.79	0.37	11.2	53.4	51.7	25.2	22.8	0.93	7.93	4.3	12	5.02	15.1	1.73	0.98	6.33	0.41	0.63	10.6	10.6	0.98	9.57	0.077	0.069	0.99	0.21	2.25	7.6	27.2	1.01	0.058	0.95	0.00194	0.66	0.08	3.46	0.63
650	19.7	16.9	0.82	0.54	10.2	57.8	54.3	30.3	21.8	0.096	17.2	4.55	8.47	2.63	13.9	4.45	0.9	8.59	0.16	0.41	10.1	10.1	3.63	6.05	0.45	0.37	2.77	0.2	1.38	9.06	22.9	0.63	0.19	0.44	0.00279	0.42	0.076	2.79	0.32
651	18.7	15.9	0.68	0.58	8.2	60.2	56.8	32	22.3	0.11	18.2	4.39	9.4	2.69	14.2	3.75	1.61	8.49	0.95	0.52	8.15	8.15	2.91	4.93	0.32	0.24	3	0.26	1.56	8.88	22.6	0.59	0.18	0.41	0.00228	0.4	0.073	2.71	0.29
652	18.9	15.5	0.84	0.96	11.3	57.6	54.4	30.1	21.6	0.083	17.7	3.95	8.34	2.22	14	3.84	1.59	6.98	0.91	0.38	11.2	11.2	3.99	6.8	0.46	0.33	2.88	0.25	1.69	7.34	23.6	0.74	0.29	0.45	0.00129	0.44	0.043	3.61	0.29
653	17	14.2	0.7	0.63	10.9	59.2	56	31	22.1	0.11	17	4.84	9.07	2.35	14.1	3.91	1.72	7.43	0.93	0.47	10.8	10.8	3.71	6.49	0.63	0.32	2.93	0.23	1.76	7.81	21.9	0.54	0.27	0.27	0.00221	0.26	0.05	3.83	0.29
654	22.1	19.1	0.66	0.72	11.3	52.5	49.2	28.5	18.1	0.094	13.5	5.15	9.78	2.29	9.86	3.9	2.01	7.74	1.16	0.38	11.2	11.2	3.95	6.67	0.62	0.41	3.01	0.24	1.57	8.16	27.9	0.62	0.25	0.36	0.00423	0.35	0.1	4.35	0.34
657	23.5	18.1	2.75	1.25	13.3	49.9	46.2	24.4	18.1	0.081	13.4	3.52	7.4	1	13.6	2.51	0.95	9.91	0.5	0.2	13.1	13.1	1.71	10.9	0.52	0.41	2.81	0.21	2.09	11	25.4	0.74	0.32	0.42	0.00236	0.39	0.011	1.34	0.53
658	25.2	21.1	1.63	1.03	10.3	52.8	47.8	25.3	19.2	0.081	14.9	2.97	7.44	0.92	14.3	2.95	1.03	8.73	0.81	0.35	10.2	10.2	1.36	8.39	0.44	0.31	3.87	0.22	2.08	9.62	27.1	0.75	0.18	0.56	0.00392	0.53	0.00479	1.05	0.44
659	17.1	13.6	1.22	0.77	13	60.9	55.2	28.3	23.3	0.075	18.3	2.42	7.45	0.88	18.3	3.1	1.06	6.05	1	0.32	12.9	12.8	1.56	10.9	0.4	0.3	4.67	0.27	2.19	6.81	19	0.84	0.24	0.6	0.00643	0.56	0.014	0.82	0.44
660	17.3	13.8	0.99	0.89	14.6	57.1	52.4	28.5	20.3	0.078	17.4	2.83	8.13	0.8	15.9	2.57	1.03	6.31	1.26	0.3	14.5	14.5	1.52	12.5	0.51	0.34	3.94	0.26	2.1	7.08	21	0.75	0.26	0.49	0.00311	0.46	0.013	2.36	0.42
661	13.3	10.4	1.11	0.65	16.9	58.5	53.7	27.3	22.6	0.077	17.3	2.77	7.17	0.98	17.6	2.98	1.03	7.87	1.14	0.15	16.8	16.8	1.95	14.4	0.42	0.34	4.1	0.26	2.23	8.68	15.6	0.7	0.28	0.42	0.0025	0.39	0.00898	1.05	0.48
664	22.9	18.1	1.73	0.84	8.54	56.3	54.1	28.2	22.2	0.039	20.5	1.15	6.5	0.84	19.8	1.08	0.42	10.1	0.57	0.76	8.48	8.48	2.53	5.26	0.68	0.6	1.24	0.19	2.97	10.6	24.5	1.17	0.34	0.83	0.027	0.77	0.00614	0.85	0.36
665	22.5	17.4	1.59	0.89	8.93	54.2	51.8	26.3	21.2	0.051	18.8	1.19	6.23	0.89	18.9	1.01	0.39	12.4	0.53	0.79	8.84	8.84	2.48	5.79	0.57	0.48	1.29	0.2	3.4	12.8	24	1.46	0.34	1.12	0.011	1.06	0.0055	0.8	0.22
666	23.9	18.1	2.22	1.1	8.84	53.1	50.9	26.6	20	0.045	19.1	1.18	6.29	0.92	17.7	1.04	0.36	11.7	0.94	0.6	8.75	8.75	2.46	5.63	0.65	0.56	1.29	0.16	3.44	12.1	25.8	1.48	0.35	1.13	0.021	1.07	0.00503	0.86	0.31
667	17.8	14	1.25	0.51	8.84	60.4	58	30.3	23.8	0.053	21.8	1.24	7.14	0.87	21.5	0.99	0.45	9.64	1.76	0.64	8.72	8.72	2.22	5.85	0.65	0.5	1.48	0.18	3.08	10.1	20.5	1.14	0.27	0.87	0.015	0.83	0.00757	0.81	0.34
668	18.3	14.6	0.9	0.43	9.78	61.6	59	31.1	23.9	0.054	22	1.42	7.59	0.8	21.7	0.95	0.4	7.56	1.36	0.72	9.68	9.68	2.58	6.41	0.69	0.59	1.67	0.17	3.11	7.96	20.6	1.22	0.3	0.91	0.012	0.87	0.014	0.85	0.3
669	17.6	14.1	1.32	0.61	7.32	50.6	46.7	26.2	16.4	0.11	18.7	1.69	5.7	1.37	12.5	1.93	0.61	12.5	1.8	0.41	7.24	7.21	1.26	5.2	0.68	0.38	2.94	0.29	3.08	13.2	28.3	0.85	0.45	0.4	0.00186	0.38	0.084	8.49	0.5
670	20.2	17	1.03	0.59	7.86	51.8	47.9	27	16.5	0.11	19.7	1.56	5.71	1.13	13	1.74	0.59	10.8	1.38	0.34	7.76	7.75	1.43	5.59	0.67	0.42	2.79	0.28	3.37	11.4	28.5	0.94	0.41	0.53	0.00408	0.5	0.051	6.66	0.36
671	21.6	17.3	1.47	1.06	6.9	51.9	49.1	28.9	16.5	0.095	21.6	1.49	5.72	1.07	13.3	1.67	0.47	11.5	1.3	0.37	6.83	6.81	1.35	4.71	0.7	0.47	1.83	0.23	2.96	12.1	28.8	1.03	0.46	0.57	0.00501	0.54	0.023	5.58	0.42
672	14.7	11.5	0.93	0.29	10.6	55.1	52.4	25.4	23	0.059	19	1.03	5.28	0.79	20.5	1.29	0.45	9.47	1.24	0.52	10.5	10.5	3.07	6.59	0.76	0.5	1.72	0.17	3.35	10.1	23.8	1.03	0.47	0.56	0.00498	0.53	0.048	7.5	0.47
673	19.1	15.7	0.93	0.35	9.01	51.9	48.6	27.7	16	0.087	18.9	2.07	6.7	1.15	12.2	2.22	0.51	11.5	1.75	0.34	8.89	8.88	1.78	6.25	0.77	0.51	2.31	0.18	3.86	12.2	26.6	1.23	0.66	0.57	0.00482	0.53	0.023	5.4	0.38
674	15.7	11	1.88	0.91	12.3	62.5	58.4	28.6	25.7	0.094	18.5	2.88	7.15	2.06	20.4	2.5	0.69	5.78	1.1	0.75	12.2	12.2	2.72	8.35	1.14	1.04	2.4	0.35	2.68	6.34	18.5	0.66	0.25	0.41	0.00148	0.4	0.051	1.31	0.31
675	16.6	11.8	1.92	1.11	17.3	56.3	51.3	22.8	24.1	0.11	14.6	2.65	5.48	1.99	18.9	2.47	0.75	5.78	0.94	0.64	17.1	17.1	4.18	11.6	1.34	1.22	3.05	0.45	2.79	6.39	19.5	0.74	0.2	0.55	0.0018	0.52	0.094	1.59	0.36
676	15.4	10	1.55	1.71	16.8	57.2	52.7	24.4	24.3	0.073	15.8	2.17	6.32	1.51	19.8	2.18	0.82	4.84	1.2	0.64	16.6	16.6	4	11.4	1.22	1.08	3.1	0.34	2.64	5.35	20.3	0.73	0.24	0.49	0.000779	0.47	0.11	3.17	0.25
677	10.2	6.49	1.32	0.84	15.3	64.9	58.8	27.4	26.6	0.099	18.3	2.53	6.51	1.78	21.7	2.4	0.78	5.57	0.99	0.74	14.9	14.9	3.45	10.1	1.38	1.11	4.26	0.41	3.18	6.19	13.2	0.56	0.24	0.32	0.00134	0.31	0.14	1.54	0.38
678	16.5	10.2	2.38	2.02	20.1	50.8	46.1	21.1	20.7	0.082	12.7	2.43	5.88	1.65	16.1	2.15	0.78	7.23	1.25	0.42	19.9	19.9	4.56	14	1.32	1.2	3.13	0.32	2.9	7.86	20.9	0.75	0.36	0.39	0.000511	0.37	0.083	2.51	0.31
681	20.6	17.6	0.76	0.67	14.6	54.1	52.3	33.5	13.7	0.3	17.6	2.89	12.7	1.62	9.56	1.41	1.06	6.12	1.52	0.44	14.5	14.5	1.25	12.7	0.56	0.52	0.52	0.14	4.36	6.62	24.5	0.81	0.083	0.73	0.039	0.6	0.052	2.22	0.38
682	21.6	18.5	0.81	0.75	13.5	52.9	50.9	31.9	13.5	0.29	17.6	2.57	11.5	1.66	9.55	1.32	0.93	7.38	1.74	0.41	13.4	13.4	1.3	11.6	0.55	0.52	0.6	0.15	4.64	7.73	25.6	0.81	0.073	0.73	0.03	0.61	0.089	2.03	0.24
683	18	15.5	0.43	0.71	15.3	58.4	56.5	36.1	15.8	0.3	20.7	2.61	12.5	1.45	12.1	1.18	1.01	3.96	1.54	0.32	15.2	15.2	1.17	13.5	0.5	0.47	0.57	0.15	3.9	4.32	21.8	0.73	0.06	0.67	0.021	0.56	0.097	2.04	0.26
684	18.6	16.3	0.62	0.58	14	56.1	53.9	33.3	15.1	0.26	18.9	2.68	11.5	1.65	11	1.41	1.01	6.23	2.27	0.35	13.9	13.9	1.08	12.1	0.73	0.59	0.71	0.14	4.6	6.85	22.8	0.44	0.059	0.38	0.033	0.28	0.098	1.7	0.51
685	21.8	18.3	1.17	0.98	12.2	51.3	48.6	29.1	13.4	0.27	16.6	2.44	9.88	1.87	9.31	1.47	0.76	9.29	2.62	0.37	12	12	1.14	10.3	0.6	0.55	0.78	0.14	5.15	9.82	26.5	0.59	0.075	0.52	0.028	0.4	0.1	1.85	0.38
688	25.4	21.1	0.78	0.87	6.4	50.1	36.3	11.8	9.7	0.28	5.32	2.82	3.41	3.94	4.06	1.27	0.44	12.5	1.19	1.24	6.26	6.26	1.65	4.38	0.23	0.2	4.58	0.089	10.9	14.2	29.2	1.08	0.21	0.87	0.018	0.78	0.035	2.51	0.7
689	40.4	35.2	0.94	1.28	7.2	38.8	29.4	10.7	7.53	0.28	4.89	2.67	2.82	2.97	3.07	1.08	0.41	7.31	1.51	1.45	7.06	7.06	1.89	4.84	0.33	0.27	3.61	0.049	8.22	8.51	45.4	1.2	0.21	0.99	0.021	0.86	0.014	3.36	0.75
690	32.9	26.9	1.55	1.69	7.59	41	29.6	9.77	8.55	0.28	3.88	2.68	2.94	3.42	3.4	1.31	0.41	11.6	1.79	0.83	7.34	7.33	1.88	5.25	0.2	0.16	4.1	0.12	8.34	12.2	39.1	1.41	0.31	1.1	0.012	1.03	0.019	4.31	0.63
691	31.1	24.9	1.27	1.41	7.88	47.5	36.8	12.7	11.2	0.35	4.55	3.72	4.14	4.28	4.43	1.9	0.61	8.68	1.43	1.2	7.66	7.66	1.86	5.59	0.2	0.18	4.25	0.16	9.11	9.69	34.7	1.95	0.57	1.38	0.028	1.27	0.062	2.03	1.01
692	28.9	23.2	0.88	0.65	9.87	50	41.5	18	12.2	0.38	7.69	4.65	5.32	3.42	6.62	1.55	0.66	6.37	1.78	1.19	9.7	9.7	2.33	7.15	0.22	0.2	2.87	0.22	8.08	7.18	32.6	2.47	0.79	1.67	0.019	1.55	0.019	1.91	0.81
695	40.6	38.6	0.41	0.29	11.6	33.7	27.2	13.2	12.2	0.1	8.3	2.01	2.77	2.48	7.67	1.34	0.72	10.4	0.3	0.45	11.5	11.5	1.38	9.53	0.61	0.53	5.31	0.15	0.96	11.7	42.7	0.58	0.18	0.4	0.016	0.33	0.023	1.75	0.55
696	33	29.3	0.88	0.77	10.2	43.6	35.6	17.3	15.4	0.12	10.7	2.35	4.09	2.9	9.7	1.73	1.09	9.33	0.29	0.71	10.1	10.1	1.33	8.31	0.51	0.46	6.7	0.25	1.42	10.6	35.3	0.99	0.16	0.83	0.021	0.75	0.019	2	0.58
697	26.2	21.3	1.13	0.91	11	47.9	38.2	18.2	16.2	0.15	11.6	2.59	3.92	3.88	9.51	1.94	0.91	10.4	0.54	1.4	10.9	10.9	1.37	9.07	0.49	0.44	8.12	0.26	1.75	12.1	28.9	1.08	0.2	0.87	0.015	0.75	0.013	2.14	0.54
698	29.1	26.8	0.5	0.29	13	48.5	42.7	22.5	17.3	0.12	14.2	2.81	5.3	2.36	12.1	1.55	1.32	5.61	0.43	0.55	12.9	12.9	1.55	10.7	0.71	0.6	5.07	0.25	1.41	6.73	31.6	0.73	0.21	0.53	0.016	0.45	0.012	1.99	0.56
699	20.7	17.1	0.84	0.39	13.9	55.4	49.6	26.5	19.7	0.16	17.4	3.74	5.13	2.99	13.2	1.93	1.64	5.86	0.4	0.96	13.9	13.9	1.7	11.5	0.64	0.6	5	0.39	1.81	7.53	22.9	1.13	0.25	0.88	0.026	0.78	0.016	1.79	0.92
702	16.3	13	1.32	0.1	13.3	52.3	48.7	29.4	15.3	0.22	21.6	1.78	5.75	4.07	9.75	0.81	0.69	12.8	1.62	0.94	13.1	13.1	2.39	10.4	0.3	0.28	1.61	0.26	2.43	14.4	19.7	0.74	0.29	0.46	0.011	0.4	0.016	1.49	1.12
703	15	11.9	0.96	0.16	14.7	56.6	53.6	33.7	15.8	0.2	25.2	1.55	6.72	2.32	11.7	0.63	1.09	8.77	0.97	0.69	14.4	14.4	2.67	11.5	0.32	0.31	1.41	0.34	2.53	9.9	18.6	0.99	0.43	0.56	0.00703	0.5	0.00895	2.49	0.72
704	18.5	14.4	1.25	0.63	14.8	48.1	44.9	26.7	14.3	0.24	18.6	2.03	5.77	2.92	9.64	0.77	1	12.8	1.78	0.78	14.6	14.6	2.52	11.8	0.28	0.27	1.47	0.39	2.24	13.9	23.1	1.18	0.42	0.77	0.0058	0.71	0.021	2.43	0.69
705	20.8	15.5	2.41	0.62	17.3	44.7	41.7	23.3	14	0.23	16.1	1.36	5.59	2.01	10.3	0.52	1.18	11.3	1.57	0.51	16.9	16.9	3.2	13.4	0.34	0.3	1.38	0.24	2.31	12.6	25.1	1.44	0.36	1.08	0.014	1.03	0.063	2.26	0.71
706	18.1	12.3	2.21	0.56	16.7	46.3	43.2	22.8	15.3	0.28	13.7	2.03	6.79	1	12.2	0.35	1.75	13	1.18	0.68	16.4	16.4	3.12	12.9	0.42	0.38	1.55	0.31	2.68	14.5	22.2	1.91	0.66	1.25	0.017	1.17	0.042	2.56	0.92
709	26.2	21.6	1.61	0.97	13	45.1	43.7	28.9	12.8	0.16	21.4	2.29	5.05	1.89	8.8	1.39	0.75	10.8	0.83	0.91	12.9	12.9	0.45	12.2	0.19	0.16	0.57	0.21	1.31	12.9	28.7	0.77	0.29	0.49	0.00572	0.43	0.031	1.59	0.86
710	39.5	33.8	1.94	1.54	13	34.3	32.9	21.1	10	0.13	15.1	1.89	3.91	1.52	6.77	1.15	0.56	9.08	0.63	0.73	12.9	12.9	0.48	12.2	0.22	0.18	0.56	0.17	1.2	10.9	41.5	0.89	0.3	0.59	0.00393	0.53	0.027	1.34	0.49
711	29.3	22.6	2.03	1.8	15.2	38.2	36.7	23.6	11.2	0.15	17.9	1.94	3.66	1.87	7.48	1.33	0.56	12.8	0.45	0.85	15.2	15.2	0.44	14.5	0.2	0.18	0.64	0.2	1.15	15	31.3	1.36	0.47	0.89	0.00543	0.8	0.014	1.48	0.88
712	20.6	16.2	2.16	0.62	14.2	47.5	45.7	29.4	14.1	0.17	20.5	2.89	5.87	2.11	9.35	1.7	0.89	13.1	0.58	0.57	14	14	0.51	13.3	0.26	0.21	0.95	0.19	1.5	15.3	22.8	0.69	0.2	0.49	0.00579	0.43	0.013	1.53	1.09
713	22.6	18.1	1.72	0.81	13.5	43.2	40.6	25.3	12.9	0.18	16.8	2.76	5.56	2.39	8.03	1.67	0.83	15.5	0.5	0.65	13.3	13.3	0.41	12.7	0.19	0.17	1.43	0.2	1.67	18	25	0.82	0.2	0.61	0.00598	0.55	0.01	1.89	0.99
716	17.3	13.8	1.36	0.41	18.9	51.9	47.2	30.4	13.4	0.12	22.9	2.64	4.78	5.9	6.15	0.91	0.43	5.7	1.06	0.56	18.7	18.7	1.38	16.9	0.48	0.46	2.31	0.25	2.19	6.76	22	0.8	0.2	0.59	0.00877	0.54	0.019	3.46	0.91
717	23.5	20	1.03	0.41	18.1	48.5	44.8	30.5	11.2	0.068	25.4	1.37	3.62	3.68	6.51	0.62	0.42	3.31	1.12	0.66	17.9	17.9	1.29	16.2	0.48	0.45	1.46	0.37	1.93	4.35	28.6	0.86	0.21	0.65	0.012	0.57	0.00557	3.81	0.67
718	20.8	16.6	1.65	0.74	16.7	51.6	47.2	31.3	12.7	0.09	24.5	1.73	4.98	4.2	7.35	0.64	0.53	4.44	1.42	0.65	16.6	16.6	1.19	14.9	0.46	0.38	1.92	0.34	2.04	5.58	25.8	0.66	0.15	0.51	0.01	0.44	0.014	3.29	0.7
719	21	17.5	1.41	0.59	19.1	46.3	42.3	26.4	12.8	0.087	20.6	1.66	4.04	4.62	7.01	0.67	0.53	6.4	1.36	0.41	19	19	1.2	17.4	0.44	0.4	2	0.29	1.98	7.62	26.6	0.68	0.19	0.49	0.00755	0.44	0.034	3.89	0.71
720	30.1	24.3	2.29	1.32	19.3	36.2	31.4	17.1	10.8	0.081	13.7	0.91	2.42	3.92	5.76	0.54	0.57	6.45	1.41	0.48	19.1	19.1	1.28	17.4	0.47	0.44	2.33	0.31	2.32	8	36.1	0.96	0.3	0.67	0.00954	0.57	0.017	4.31	0.74
723	34.2	27.1	3.68	0.93	12.3	34.5	31.6	16.8	9.15	0.085	10.9	2.47	3.33	1.99	4.91	1.8	0.45	10.4	1.83	0.3	12.2	12.2	1.43	10	0.76	0.71	1.5	0.14	4.18	11.6	41.3	1.27	0.22	1.05	0.035	0.94	0.2	4.7	1.02
724	35	29.4	2.17	0.81	14.6	30.8	29	16.6	7.58	0.048	11.6	1.59	3.31	0.95	5.19	0.99	0.44	8.37	1.29	0.33	14.5	14.5	1.42	12.5	0.68	0.64	1.05	0.12	3.84	9.22	45.1	1.3	0.2	1.1	0.021	0.98	0.074	8.39	0.67
725	32.1	26.7	2.28	0.66	12.8	35.3	33	18.8	8.88	0.071	13.1	1.98	3.71	1.1	6.05	1.14	0.6	8.85	1.98	0.28	12.7	12.7	1.21	10.9	0.58	0.54	1.27	0.15	4.06	9.87	41.9	1.23	0.18	1.05	0.027	0.93	0.23	7.18	0.85
726	35.3	29.1	1.75	0.82	15.3	28.5	26.8	15.1	7.32	0.04	10.1	1.53	3.46	0.69	5.31	0.77	0.54	6.43	1.22	0.19	15.2	15.2	1.08	13.6	0.49	0.42	1.07	0.11	3.44	7.31	48.7	1.59	0.21	1.38	0.031	1.24	0.25	11.5	0.74
727	37.6	31.3	2.36	0.82	15.8	29.7	27.7	14.9	7.34	0.056	9.96	1.62	3.31	0.75	4.98	0.85	0.77	6.64	1.18	0.38	15.7	15.7	1.74	13.1	0.82	0.73	1.18	0.19	4.17	7.76	46.4	1.58	0.26	1.32	0.046	1.16	0.14	7.11	0.96
924	12.1	7.83	2.06	0.43	2.87	69.6	67.7	40.1	22.4	0.2	23.8	3.88	12.2	2.42	17.2	2.1	0.63	12.2	0.24	0.6	2.87	2.76	0.81	1.78	0.28	0.18	1.4	0.18	3.75	12.8	14.2	0.85	0.42	0.42	0.00714	0.39	0.0019	1.57	0.67
872	27.8	19.9	1.35	3.68	4.02	44.3	43	29.9	11	0.25	17.3	4.08	8.27	3.03	3.68	3.36	0.9	18.1	0.81	0.38	4.01	3.94	0.57	3.27	0.17	0.12	0.9	0.32	1.26	18.9	32.3	1.8	0.32	1.48	0.00248	1.47	0.033	2.46	0.78
740	17.3	13	1.98	0.57	4.48	63.7	61.8	38.2	21.5	0.47	23.3	5.11	9.28	4.27	14.2	2.61	0.44	10.4	0.89	0.67	4.47	4.39	0.48	3.89	0.088	0.027	0.89	0.2	1.62	11.3	20.2	0.8	0.11	0.69	0.011	0.64	0.049	2.04	0.85
892	18.5	13.8	2.28	0.63	3.72	54.4	45.2	24.9	15.7	0.35	16.6	2.44	5.53	5.08	9.63	0.7	0.24	19.7	0.43	0.25	3.72	3.69	0.91	2.57	0.21	0.19	7.37	0.062	3.88	20.1	21.4	0.88	0.2	0.67	0	0.65	0.013	1.98	0.44
792	24.8	19	2.84	1.08	3.42	58.4	51.4	24.1	25	0.17	14.5	3.4	6.09	6.38	16.9	1.38	0.28	9.95	0.57	0.37	3.41	3.4	0.41	2.95	0.048	0.037	6	0.15	1.75	10.4	27.4	0.96	0.15	0.81	0	0.77	0.031	2.05	0.49
756	25.6	21.4	1.09	0.83	9.33	50.4	49.1	33.3	13.6	0.71	13.1	9.41	10	2.83	8.43	1.99	0.36	9.68	1.06	0.56	9.32	9.29	2.85	6.22	0.24	0.22	0.73	0.2	1.79	10.4	29.8	1.24	0.17	1.06	0	1.03	0.064	3.11	0.7
933	19.1	14.7	1.1	1.69	4.13	61.9	60	31.1	23.6	0.11	20.7	4.07	6.29	1.25	18.5	3.24	0.64	11.5	0.62	0.4	4.12	4.06	0.51	3.32	0.26	0.2	0.75	0.13	4.17	11.7	21.7	0.83	0.063	0.77	0.045	0.67	0.024	1.24	0.2
880	24.3	19.4	1.4	0.88	1.93	60.2	59.4	35.6	17.8	0.31	25.8	3.53	5.97	2.17	12.6	2.57	0.42	9.63	0.79	0.38	1.92	1.87	0.55	1.22	0.14	0.1	0.35	0.076	4.72	10.5	26.8	1.54	0.4	1.14	0.00358	1.07	0.02	1.23	0.88
925	8.68	5.16	1.42	0.26	3.12	72.4	70.2	41.4	23.2	0.24	27.1	3.71	10.3	2.5	18	2.06	0.61	12.2	0.43	0.71	3.11	3.08	0.91	1.99	0.21	0.19	1.74	0.17	3.97	12.9	11.2	0.69	0.39	0.3	0.00508	0.27	0.00139	1.92	0.63
771	20.2	17.7	0.93	0.38	3.87	59	55.8	32.6	18.7	0.079	19.5	2.9	10.1	1.73	12	1.34	3.59	13.9	1.02	0.21	3.85	3.74	0.74	2.84	0.25	0.18	1.1	1.12	2.99	14.4	22.3	0.6	0.067	0.53	0.011	0.52	0.018	0.97	0.43
869	16.3	12	1.09	1.26	3.34	45.6	44.6	27.6	14.3	0.26	16.6	3.38	7.34	3.3	6.4	3.58	1.04	29.3	0.83	0.22	3.33	3.28	0.51	2.65	0.17	0.14	0.77	0.39	1.6	30.4	19.9	1.25	0.22	1.04	0.00259	1.03	0.00466	2.38	1.12
730	18.9	14.9	1.51	0.37	7.26	53	50.9	28.3	16.5	0.18	17.5	2.46	8.16	1.75	12.2	1.46	1.1	9.31	1.28	0.79	7.25	7.17	1.5	5.44	0.22	0.16	1.14	0.14	5.27	9.95	28.9	1.02	0.13	0.87	0.011	0.76	0.02	6.55	0.63
922	11.9	7.65	1.94	0.53	2.86	62.6	60.4	34.9	19.9	0.23	22	3.22	9.4	3.06	14.1	2.26	0.51	18.5	0.5	0.73	2.86	2.75	0.81	1.79	0.25	0.16	1.61	0.15	4.07	19.1	15	0.75	0.3	0.45	0.00407	0.41	0.00233	2.37	0.61
864	12.3	8.39	1.07	1.01	2.5	64.3	61.1	45.8	12.4	0.53	34.6	1.03	9.67	1.07	11.2	0.13	0.072	15.8	0.46	1	2.48	2.43	0.3	2.04	0.13	0.09	0.99	0.079	2.14	16.4	16.2	0.49	0.068	0.42	0.00382	0.41	0.014	2.68	0.62
760	22.1	14.8	3.37	1.18	3.08	60	59	35.7	20	0.038	23.5	2.11	10	6.84	10.6	1.5	1.13	10.2	1.15	1.36	3.07	3.02	0.74	1.76	0.52	0.5	0.57	0.13	2.65	11.1	25.4	1.1	0.038	1.06	0.015	1	0.031	2.01	0.57
852	11.9	8.63	1.25	0.7	3.84	72.3	70.3	48	18.6	0.099	34.1	2.77	11	4.26	11.6	1.8	0.9	7.29	3.05	0.33	3.82	3.73	0.96	2.43	0.39	0.33	0.83	0.21	3.09	7.55	16.1	0.82	0.17	0.64	0.00844	0.6	0.011	0.93	0.27
923	9.14	4.79	1.94	0.67	2.66	67.5	64.8	36.1	23	0.24	23	3.79	9.14	3.11	16.6	2.59	0.63	16.8	0.42	0.61	2.65	2.52	0.71	1.69	0.25	0.16	1.94	0.17	4.15	17.3	12	0.74	0.38	0.36	0.00408	0.34	0.00297	2.2	0.51
890	15.8	11.8	1.91	0.64	3.93	51.8	42.6	23.2	14.4	0.28	14	2.62	6.23	5.48	8.14	0.59	0.2	23	1.01	0.27	3.93	3.79	0.95	2.69	0.28	0.18	6.75	0.057	4.06	23.5	20.1	0.65	0.093	0.56	0	0.55	0.00749	2.93	0.52
731	22	15.4	3.22	0.98	4.94	48.3	45.1	21.6	15.2	0.18	12.1	2.55	6.75	2.34	9.73	2.06	1.06	12.9	1.16	0.98	4.93	4.85	1.14	3.53	0.19	0.14	1.81	0.15	7.48	13.6	32.3	1.13	0.15	0.96	0.013	0.86	0.011	6.77	0.67
899	14.2	9.71	2.05	1.22	9.48	60	56.7	24.5	27	0.33	15.4	4.25	4.45	4.76	20.3	1.48	0.53	8.74	0.97	0.46	9.43	9.3	1.51	7.23	0.57	0.5	2.24	0.18	4.1	9.33	20.6	0.53	0.064	0.47	0.00536	0.43	0.00786	4.38	0.59
935	4.8	3.58	0.43	0.16	6.72	61.9	51.5	23.9	22.2	0.017	17.3	0.8	5.86	0.34	19.8	0.75	1.32	11.2	0.69	0.27	6.66	6.65	0.3	6.22	0.056	0.049	0.36	0.045	4.43	11.4	6.37	0.2	0.021	0.18	0.021	0.13	0.00582	0.62	0.16
901	9.3	6.42	0.91	0.79	5.84	72.3	69.2	31.8	32.6	0.38	22.1	4.7	4.6	4.44	26.2	1.48	0.56	5.01	1.6	0.44	5.79	5.72	0.78	4.71	0.25	0.21	2.2	0.25	3.57	5.55	15.9	0.57	0.094	0.46	0.00195	0.43	0.01	4.1	0.54
750	26.6	23.1	1.13	0.96	7.35	53.8	52.7	36.1	14.4	1	10.3	15.8	8.95	3.06	8.36	2.66	0.3	6.45	0.38	0.1	7.34	7.29	2.34	4.72	0.26	0.24	0.64	0.19	1.76	7.12	31.3	1.18	0.07	1.1	0.00147	1.07	0.074	4.36	0.67
810	22.3	18.8	0.79	0.86	3.58	65.1	62.8	37.9	20.1	0.14	29.3	1.75	6.66	2.64	14.8	1.66	0.94	6.99	0.37	0.64	3.58	3.55	0.73	2.5	0.33	0.31	0.48	0.29	4.09	7.63	23.4	0.8	0.078	0.72	0.00604	0.69	0.00782	0.7	0.51
885	23.5	19.3	0.9	0.93	1.95	60.8	60.2	37.8	17.3	0.24	27.6	3.93	6.02	1.46	13.3	2.12	0.43	8.46	1.64	0.62	1.94	1.92	0.49	1.32	0.12	0.1	0.25	0.066	3.97	9.14	27.7	1.28	0.42	0.86	0.00285	0.84	0.037	1.97	0.68
742	14.3	10.2	1.78	0.46	4.62	64	62.1	38.9	20.9	0.41	23.7	4.89	9.93	4.1	14	2.34	0.46	13.4	1.08	0.72	4.62	4.59	0.51	4.06	0.042	0.029	0.88	0.18	1.74	14.4	16.8	0.84	0.11	0.72	0.012	0.65	0.037	1.44	1.01
912	22.2	16.6	1.7	0.33	2.9	52.6	51.7	34.8	14.1	0.044	28.6	1.08	5.05	0.93	11.6	0.79	0.8	12.8	0.6	1.28	2.9	2.87	0.55	2.17	0.16	0.13	0.33	0.038	2.37	13.5	30.2	1.7	0.73	0.94	0	0.79	0.017	5.36	0.69
931	13.8	10.7	0.84	0.76	4.5	66.5	64.3	32.2	26.3	0.062	22.1	2.14	7.87	1.86	21.5	2.27	0.63	12	0.55	0.46	4.48	4.44	0.52	3.69	0.25	0.22	0.64	0.13	4.97	12.3	16.3	0.7	0.12	0.59	0.015	0.54	0.011	1.34	0.22
811	27.5	22.9	1.15	1.25	4.74	54.8	52.2	31.1	16.2	0.097	24.1	1.2	5.68	2.94	10.7	1.79	0.74	10.4	0.37	0.76	4.73	4.68	0.99	3.35	0.36	0.33	0.49	0.26	4.19	11.2	29	0.95	0.11	0.84	0.00826	0.81	0.00984	1.03	0.64
795	20.8	16.8	1.87	0.5	3.91	63.3	57.2	27.2	27.7	0.26	16.3	4.57	6.07	5.3	20.8	1.3	0.29	8.65	0.62	0.43	3.91	3.87	0.38	3.45	0.072	0.04	4.57	0.18	1.85	9.09	23.6	0.84	0.15	0.68	0.00829	0.66	0.05	2.09	0.41
809	26	18.8	1.17	4.14	3	61.7	59.3	36.7	18.8	0.14	27.1	1.93	7.51	2.82	13.4	1.79	0.73	7.34	0.22	0.76	3	2.96	0.67	2	0.31	0.28	0.55	0.26	3.22	8.15	26.9	0.77	0.061	0.71	0.00495	0.69	0.027	0.6	0.66
790	23.2	17.9	2.61	0.63	3.5	56.9	48.5	23.7	22.5	0.19	12.2	4.52	6.77	6.69	14.1	1.37	0.32	13.2	0.42	0.32	3.5	3.49	0.36	3.04	0.056	0.042	7.1	0.16	1.77	13.7	25.5	1.23	0.39	0.83	0.000267	0.77	0.042	1.87	0.42
934	9.38	6.98	0.97	0.29	3.82	67.1	62.4	31.5	23	0.049	21	2.04	8.41	1.1	17.1	2.99	1.78	15.4	0.75	0.4	3.79	3.72	0.39	3.06	0.27	0.18	1.08	0.11	6.84	15.7	11.3	0.56	0.05	0.51	0.037	0.44	0.00162	0.94	0.28
814	16.7	13.6	0.84	0.47	3.75	70.7	62.1	34.8	22.2	0.21	24.2	2.62	7.71	2.76	16.6	1.85	0.99	6.64	0.59	0.5	3.74	3.66	0.73	2.65	0.34	0.28	3.5	0.35	4.3	7.29	18.1	0.76	0.099	0.66	0.00653	0.63	0.0089	0.79	0.53
850	11.2	8.43	1.06	0.34	1.91	74.5	72.9	49.4	20.7	0.22	36.1	2.9	10.2	1.85	15.7	2.63	0.54	7.13	0.4	0.29	1.91	1.87	0.3	1.45	0.15	0.12	0.87	0.16	2.29	7.73	15.5	0.78	0.18	0.6	0.00222	0.54	0.037	2.77	0.62
753	13.3	10.7	0.73	0.61	14.4	43.7	42.6	26.9	11.9	0.28	8.8	8.24	9.58	1.79	6.73	2.73	0.63	8.12	1.53	0.27	14.4	14.2	4.69	9.36	0.34	0.31	0.68	0.16	1.75	8.87	32.9	0.63	0.031	0.6	0	0.59	0.12	17.8	0.76
765	16.7	12.9	1.45	0.67	5.61	66	62.9	37.1	22.5	0.059	25.2	2.82	9.04	5.51	14.4	1.27	1.27	5.94	1.78	0.58	5.59	5.55	0.87	3.85	0.79	0.76	1.25	0.11	2.83	6.71	21.3	0.86	0.035	0.83	0.00868	0.79	0.014	2.73	0.55
781	22.5	19.4	1.34	0.54	4.39	49.6	43.4	27.9	11.1	0.07	17.4	2.83	7.62	0.87	9.11	0.49	0.66	20.1	1.02	0.34	4.38	4.33	0.58	3.63	0.15	0.12	1.75	0.16	3.78	20.6	25.1	0.48	0.077	0.4	0.00403	0.4	0.023	1.58	0.37
773	24.4	21.3	1.36	0.62	4.1	54	51	29.9	17.1	0.081	18.7	2.18	9.02	1.69	11.4	1.02	2.98	15.1	0.65	0.17	4.09	4.02	0.67	3.2	0.19	0.15	0.54	0.99	2.54	15.7	25.9	0.49	0.068	0.42	0.00716	0.41	0.00859	0.87	0.5
839	9.83	7.04	0.68	0.32	5.5	73.1	72.2	53.7	14.3	0.11	37.4	3.32	12.9	1.02	11.3	1.23	0.71	6.87	1.05	0.38	5.49	5.46	0.83	4.45	0.18	0.16	0.38	0.12	3.65	7.71	13.3	1.02	0.18	0.84	0.00562	0.8	0.018	2.1	0.97
732	21	14.1	3.28	0.79	4.81	48.1	45.3	22	15.1	0.13	13.4	2.08	6.41	2.12	10.2	1.78	0.99	15.2	0.95	1.23	4.8	4.74	1.01	3.55	0.17	0.13	1.35	0.14	7.37	15.9	30.3	1.14	0.14	0.98	0.00645	0.89	0.017	6.2	0.68
930	16.3	13.6	0.8	0.58	4.88	60.7	54.6	26.4	21.6	0.077	15.7	2.83	7.79	2.04	16.4	2.64	0.51	15.5	0.72	0.35	4.87	4.76	0.61	3.88	0.34	0.24	2.2	0.11	5.56	15.7	18.2	0.74	0.15	0.59	0.018	0.55	0.00944	0.73	0.26
861	28.4	23.4	1.09	2.26	5.08	44.9	42.6	34	7.08	0.34	25.2	1.06	7.44	0.77	6.27	0.016	0.02	11.8	0.85	0.39	5.07	5	0.82	3.98	0.27	0.2	0.55	0.049	1.2	12.1	37	0.36	0.091	0.27	0.000783	0.25	0.15	6.03	0.37
858	13.4	9.39	1.44	0.51	2.89	63.5	62.7	46.1	13.7	0.81	40.5	0.81	4.04	1.06	12.6	0.00638	0.015	15.8	0.42	1.03	2.87	2.81	0.43	2.28	0.16	0.12	0.3	0.086	2.33	16.5	16.6	0.7	0.1	0.6	0.013	0.57	0.017	2.11	0.71
853	10.8	7.87	0.88	0.17	5.06	71.1	69.3	49.2	16.3	0.1	33	3.48	12.6	3.68	10.4	1.38	0.81	6.5	3.32	0.33	5.04	4.91	1.23	3.15	0.58	0.48	0.59	0.19	3.19	6.94	16.6	1.23	0.3	0.92	0.027	0.85	0.011	2.18	0.43
819	15.9	11.6	1.54	0.46	2.64	75.5	74	49.4	22.7	0.12	33.5	1.41	14.3	1.73	18.9	0.81	1.23	2.65	0.48	1.05	2.63	2.6	0.36	2.17	0.085	0.077	0.48	0.26	1.51	3.2	17.2	0.86	0.1	0.76	0.0071	0.68	0.00794	0.64	0.53
874	24	19.4	0.85	1.18	3.47	43.9	42.8	29.9	10.9	0.2	19.1	3.45	7.15	2.38	5.44	2.25	0.8	22.2	0.98	0.3	3.46	3.4	0.59	2.65	0.21	0.18	0.81	0.23	1.29	23.2	28.5	1.75	0.52	1.23	0.00315	1.22	0.00944	2.79	1.02
900	11.9	8.77	0.95	0.73	5.97	65.2	61.9	27	29.9	0.49	16.9	5.06	4.54	5.14	22.8	1.32	0.63	8.43	1.07	0.6	5.91	5.67	0.85	4.56	0.44	0.25	2.03	0.29	3.95	8.84	19.3	0.63	0.096	0.52	0.00243	0.49	0.01	5.15	0.41
854	14.6	11.8	0.78	0.29	4.44	69.7	68.2	48.4	16.4	0.087	32.9	3.5	11.9	3.42	10.7	1.41	0.88	5.78	3.64	0.34	4.43	4.18	1.21	2.58	0.58	0.44	0.68	0.18	2.9	6.16	19.4	1.1	0.35	0.74	0.028	0.69	0.012	0.87	0.38
911	14.3	9.85	1.89	0.22	3.5	60.6	59.7	39.3	17.5	0.052	32.2	1.07	5.93	1.01	14.6	0.75	1.12	13.8	0.69	0.94	3.49	3.42	0.5	2.75	0.2	0.15	0.26	0.074	2.56	14.7	20.5	1.05	0.06	0.98	0	0.94	0.021	4.27	0.88
762	22.9	18.5	1.55	0.59	2.23	65	63.7	40.3	20.7	0.034	26.4	2.42	11.5	4.64	13.7	1.12	1.21	6.29	1.16	0.76	2.19	2.09	0.46	1.26	0.44	0.37	0.61	0.13	2.25	6.88	25.5	1.23	0.037	1.19	0.00985	1.13	0.023	1.26	0.41
734	17.8	10.8	2.8	1.62	4.19	56.9	53.7	25.7	18	0.21	16.2	2.88	6.41	2.44	12.1	2.31	1.11	13.9	0.89	0.81	4.19	4.14	0.93	3.1	0.11	0.085	1.72	0.16	9.04	14.6	23.7	1.37	0.21	1.14	0.00413	1.01	0.015	3.83	0.72
916	18.7	13.9	2.08	0.5	8.19	56.3	55.7	37.3	16.1	0.06	28.9	1.37	6.95	0.84	13.3	0.8	1.18	8.32	0.54	0.64	8.18	8.04	1.13	6.57	0.4	0.29	0.19	0.083	1.91	9.05	25.9	1.27	0.12	1.13	0	1.08	0.052	4.95	0.73
751	25.9	23.1	1.08	0.52	7.04	53.2	52	35.8	13.6	0.98	11.5	14.6	8.74	3.01	7.76	2.58	0.29	8.13	0.51	0.11	7.03	6.99	2.21	4.59	0.21	0.19	0.7	0.22	2.04	8.85	30.5	0.96	0.068	0.89	0.00207	0.86	0.062	4.09	0.72
878	25.2	20	1	0.92	2.35	56.8	56	35.3	15.2	0.18	28.4	2.24	4.44	1.82	10.6	2.41	0.34	11	1.53	0.71	2.35	2.31	0.72	1.49	0.13	0.1	0.26	0.07	4.28	12	28.3	1.65	0.48	1.17	0.00211	1.06	0.022	1.18	0.96
849	12.2	9.03	1.02	0.42	3.08	73.8	72.5	49.7	20.6	0.15	37.4	2.04	10.1	1.48	17.1	1.59	0.5	5.97	0.38	0.28	3.07	2.96	0.5	2.23	0.3	0.23	0.68	0.14	1.73	6.67	16.3	1.1	0.26	0.83	0.00317	0.79	0.038	2.75	0.69
863	8.57	6.37	0.082	0.49	2.82	74.3	69.6	53.7	13.6	0.56	37.7	1.36	14.1	1.29	11.9	0.3	0.084	10.1	0.27	0.57	2.8	2.71	0.33	2.3	0.17	0.084	1.05	0.078	1.47	10.8	11.1	0.37	0.064	0.31	0.00143	0.29	0.0077	1.66	0.69
870	20.6	15.8	1.03	1.78	3.59	47.3	46.1	30.8	13	0.26	17.6	3.79	9.14	3.11	5.5	3.25	1.18	23.7	0.54	0.26	3.58	3.51	0.52	2.84	0.2	0.15	0.82	0.35	1.29	24.5	24	1.38	0.23	1.15	0.00618	1.14	0.00995	2.12	0.79
929	22	19.9	0.41	0.36	3.3	56.5	52.3	27.8	20	0.043	19.5	1.71	6.57	1.66	15.9	2.02	0.44	15.1	0.5	0.34	3.29	3.18	0.45	2.51	0.31	0.22	1.41	0.085	3.77	15.4	24.1	0.69	0.18	0.51	0.026	0.43	0.019	0.99	0.34
910	15.5	10.8	1.02	0.36	3.38	63.7	62.9	42	18	0.063	34.3	1.06	6.61	1.1	14.9	0.8	1.18	10.6	0.61	1.81	3.38	3.28	0.52	2.67	0.16	0.11	0.31	0.082	2.49	11.4	20.9	1.1	0.12	0.96	0	0.91	0.018	3.63	0.77
770	12.2	10.3	0.46	0.15	3.61	73.9	73.2	47.1	21.9	0.06	33.5	2.13	11.4	1.34	16	0.97	3.59	8.07	0.6	0.14	3.6	3.49	0.7	2.66	0.21	0.14	0.25	1.19	2.63	8.72	13.6	0.34	0.076	0.26	0.00407	0.25	0.00543	0.71	0.54
919	14.3	8.91	1.92	0.8	5.67	62.5	59.7	35.1	19.1	0.2	21.2	3.19	10.6	2.89	13.3	2.19	0.7	13.6	0.55	1.17	5.66	5.59	1.48	3.87	0.3	0.24	1.83	0.26	3.6	14.3	17	1.11	0.29	0.82	0.015	0.77	0.00675	1.7	0.68
754	29.1	23.3	1.97	2.05	7.48	44.1	42.4	28.9	11.1	0.73	8.38	9.96	9.86	2.62	6.26	1.92	0.34	14.3	0.99	0.23	7.46	7.39	2.05	5.17	0.23	0.18	0.83	0.18	1.86	14.9	33.4	1.31	0.13	1.15	0.000984	1.1	0.05	3.29	0.56
737	20.4	14.6	3.3	0.49	5.52	58	55.5	29.1	18.5	0.16	17.5	2.68	8.75	2.2	13.1	1.94	1.23	12.2	0.38	0.49	5.51	5.41	1.22	3.93	0.26	0.2	1.23	0.15	7.08	12.9	22.8	0.97	0.16	0.8	0.00297	0.69	0.00149	1.36	0.72
782	29.3	26.3	1.19	0.55	4.23	46.4	45.4	31	10.4	0.063	20.2	3.05	7.66	0.74	8.41	0.53	0.72	16.1	0.87	0.23	4.22	4.15	0.5	3.58	0.13	0.09	0.31	0.18	3.57	16.6	32.4	0.7	0.11	0.59	0.00442	0.58	0.023	2.3	0.36
932	14.1	8.82	1.4	1.84	4.75	65.7	63.4	32.2	24.4	0.049	22.6	1.79	7.7	1.53	18.9	3.26	0.67	11.9	0.61	0.64	4.73	4.71	0.58	3.86	0.24	0.21	0.81	0.15	5.52	12.1	16.4	0.88	0.024	0.86	0.058	0.73	0.013	1.02	0.23
784	25.4	21.4	1.62	1.33	6.42	48.2	47	31.5	12	0.086	20.4	3.07	7.9	0.77	10	0.4	0.75	16.2	0.97	0.1	6.41	6.36	0.68	5.56	0.16	0.12	0.28	0.19	3.01	16.8	28.2	0.54	0.089	0.45	0.00864	0.44	0.019	1.89	0.41
764	17.2	13.2	1.22	0.56	4.97	69.5	65.9	43.1	20.3	0.038	28.8	2.6	11.6	4.26	14	0.97	1.13	4.61	1.03	0.77	4.96	4.92	1.03	3.11	0.76	0.73	1.39	0.13	2.04	5.13	20.1	1.08	0.032	1.05	0.011	1	0.015	1.79	0.38
780	12.9	10.8	1.03	0.21	4.56	64.8	63.8	46.1	13.6	0.074	31.3	3.05	11.7	0.76	11.3	0.58	0.91	15	0.53	0.18	4.55	4.45	0.71	3.65	0.19	0.14	0.39	0.25	3.53	15.7	14.6	0.34	0.086	0.25	0.00405	0.24	0.00756	1.18	0.57
838	18.3	13.3	1.4	1.12	5.06	62.6	61.6	43.7	13.8	0.077	31.9	2.21	9.46	0.94	11.2	1.12	0.58	7.85	0.91	0.57	5.06	5.01	0.91	3.88	0.24	0.21	0.5	0.087	3.57	9.23	22.7	1.29	0.22	1.06	0.00869	1.02	0.03	2.85	1.35
830	16.2	12.8	1.21	0.42	3.9	68.6	66.9	46.4	16.7	0.057	32.7	1.74	11.9	3.64	10.4	1.6	1.16	6.66	2.14	0.52	3.89	3.81	1.08	2.4	0.36	0.31	0.65	0.17	2.99	7.01	20.1	0.98	0.15	0.82	0.012	0.78	0.00993	1.45	0.36
791	21.4	16.7	2.22	0.9	2.99	60.5	52.2	23.9	26	0.25	13.2	4.52	5.95	7.05	17.2	1.51	0.23	12.4	0.48	0.29	2.98	2.96	0.28	2.65	0.044	0.032	7.1	0.17	1.83	12.8	23.5	0.92	0.097	0.82	0	0.79	0.046	1.61	0.4
775	19.2	16.3	1.36	0.54	5.58	56.8	53.6	29	20.2	0.08	17.6	2.93	8.37	1.76	13.5	1.3	3.58	14.9	1.09	0.092	5.56	5.47	0.76	4.56	0.23	0.16	0.74	1.13	2.94	15.6	21.8	0.44	0.062	0.38	0.01	0.36	0.013	1.51	0.58
744	10.1	6.67	1.04	0.53	5.26	71.8	69.9	43.4	24.3	0.38	27.5	4.67	10.9	4.32	16.9	2.41	0.65	8.92	1.61	0.78	5.25	5.23	0.64	4.55	0.046	0.035	0.94	0.22	1.71	9.75	13.1	0.77	0.13	0.64	0.016	0.61	0.031	1.36	0.81
733	30.8	24.5	3.29	0.84	4.48	50.4	48.9	28.1	15	0.22	16.7	3.23	7.97	1.07	11.5	1.41	0.96	6.73	0.88	0.75	4.47	4.42	1.07	3.2	0.14	0.12	0.63	0.15	5.16	7.22	37.2	0.93	0.15	0.77	0.000441	0.66	0.012	4.45	0.48
821	18.5	13.9	2.33	0.41	4.22	67.7	63.6	40.6	18.9	0.23	25.4	1.92	13	3.19	13.5	0.99	1.17	6.86	0.44	0.76	4.19	4.17	0.42	3.63	0.12	0.12	0.86	0.28	3.38	7.41	20.2	0.8	0.06	0.74	0.00811	0.68	0.00811	0.9	0.54
763	23.7	19.3	1.74	0.49	4.93	63	58.9	37.8	18.4	0.044	23	2.6	12.1	3.92	12.2	1.05	1.21	4.99	0.81	0.54	4.91	4.85	1.02	3.05	0.79	0.73	1.29	0.14	2.35	5.46	26.3	1.15	0.032	1.11	0.012	1.02	0.021	1.66	0.3
860	14.9	10.6	1.59	0.54	1.57	63.6	54	37.2	14.4	0.43	33.3	0.47	2.98	0.77	13.6	0.00186	0.00743	16.1	0.4	0.87	1.56	1.52	0.25	1.23	0.083	0.063	1.98	0.051	1.97	16.6	17.3	0.75	0.091	0.66	0.012	0.63	0.017	1.5	0.55
903	15.2	10.6	1.75	1.35	6.37	63.5	60.1	28.5	26.7	0.46	18.6	5.48	4	4.81	19.9	1.46	0.51	7.33	1.68	0.46	6.32	6.26	0.92	5.08	0.26	0.23	2.19	0.22	3.9	7.98	21.6	0.76	0.13	0.62	0.00582	0.55	0.00342	3.68	0.65
755	21.2	18.5	0.66	0.28	10.8	53	51.9	34.4	15	0.71	14.4	8.86	10.5	2.84	9.95	1.79	0.38	9.65	1.36	0.31	10.8	10.7	3.47	6.97	0.32	0.26	0.67	0.18	2.04	10.5	25.4	1.13	0.14	0.99	0.00106	0.96	0.045	2.81	0.82
905	9.92	6.38	1.73	0.68	7.59	70.2	67	29.7	31.7	0.44	19.1	5.47	4.72	5.36	24	1.81	0.58	6.49	1.07	0.33	7.55	7.46	1.04	6.12	0.31	0.27	2.34	0.15	4.52	7.12	14.7	0.64	0.18	0.45	0.00355	0.41	0.00426	3.02	0.63
741	13.5	9.62	1.41	0.4	5.6	65.6	63.6	39.2	22	0.46	25.2	4.79	8.78	3.97	15.2	2.38	0.43	10.7	1.6	0.86	5.58	5.52	0.58	4.9	0.085	0.027	0.97	0.21	1.82	11.7	16.8	0.87	0.11	0.75	0.012	0.68	0.075	1.66	0.98
736	22.3	13.8	2.8	2.87	3.57	57.3	54.9	31.7	16.2	0.16	19.6	3.24	8.68	1.8	11.7	1.78	0.97	9.28	0.96	0.92	3.56	3.48	0.85	2.54	0.12	0.079	1.34	0.12	6.3	9.87	28.7	1.35	0.26	1.06	0.00419	0.9	0.025	4.14	0.59
802	17	12.8	1.61	0.95	16.4	45.3	40.5	23.9	13.4	0.08	15.6	1.8	6.4	2.02	8.89	1.71	0.82	13.8	1.15	0.79	16.3	16.2	1.2	14.5	0.53	0.46	2.2	0.12	2.32	14.4	23.2	0.48	0.078	0.39	0.00646	0.37	0.031	3.79	0.66
815	15.2	12.7	0.76	0.5	3.88	71.8	58.3	31.4	21.8	0.2	21.4	2.58	7.16	2.64	16.5	1.77	0.85	6.9	0.49	0.33	3.87	3.83	0.76	2.79	0.29	0.26	6.63	0.3	4.39	7.56	16.6	0.55	0.076	0.48	0.00196	0.47	0.015	0.85	0.55
843	6.75	4.93	0.69	0.16	3.64	74.3	71.7	46.7	22.1	0.28	33.2	2.87	10.3	2.68	15.5	3.34	0.59	10.8	0.5	0.25	3.56	3.48	0.49	2.79	0.24	0.19	1.28	0.16	2.54	11.8	9.89	0.51	0.076	0.43	0.00276	0.4	0.045	2.04	0.94
794	20.4	15.4	2.41	1.21	3.51	65.2	59.1	28.8	27.5	0.36	14.3	7.31	6.79	6.25	19	1.91	0.29	8.17	0.62	0.25	3.51	3.48	0.33	3.12	0.051	0.033	5.25	0.19	2.15	8.55	22.6	0.81	0.1	0.71	0.01	0.68	0.018	1.57	0.38
914	10.5	7.33	1.02	0.17	4.42	67.1	66.2	45.1	17.8	0.067	36	1.72	7.29	1.13	14.3	1.14	1.17	12.1	0.94	0.91	4.42	4.31	0.62	3.59	0.16	0.094	0.39	0.053	2.82	13	14.8	0.76	0.21	0.54	0	0.5	0.013	2.78	0.83
859	14.9	10.4	1.06	0.68	3.1	62.8	61.6	47.7	11.6	0.41	44.8	0.36	2.1	0.54	11.1	0.00317	0.013	14.6	0.85	1.4	3.09	3.04	0.48	2.46	0.15	0.11	0.41	0.066	1.76	15.3	18.4	0.94	0.11	0.83	0.00775	0.81	0.019	1.97	0.65
842	15.3	10.8	1.45	1.13	2.71	63.8	61.7	40.7	18.7	0.37	29.6	2.42	8.32	2.2	12.5	3.42	0.5	13.1	0.48	0.35	2.7	2.67	0.31	2.23	0.13	0.11	0.9	0.13	1.94	13.8	19.3	1.02	0.13	0.89	0.0031	0.79	0.11	2.47	0.77
812	25.2	20.8	1.21	1.46	3.15	63.6	57	32.7	20	0.14	23.9	1.83	6.8	2.54	14.7	1.94	0.88	6.2	0.27	0.73	3.15	3.1	0.75	2.06	0.32	0.28	2.64	0.29	3.66	6.77	26.2	0.73	0.062	0.66	0.00495	0.65	0.016	0.62	0.46
766	21.9	16.9	1.43	1.17	3.21	68.2	64.3	40.7	20.6	0.046	26.1	3.31	11.3	3.89	14.3	1.27	1.12	3.67	1.17	0.5	3.19	3.13	0.55	2.06	0.54	0.49	1.58	0.15	2.53	4.09	24.2	1.58	0.039	1.54	0.00492	1.47	0.011	1.11	0.31
824	18.6	15.2	0.73	0.42	5.47	70.6	69.5	45.1	22.4	0.1	31.6	1.24	12.2	1.52	19	0.74	1.09	2.12	0.57	0.95	5.46	5.43	0.5	4.81	0.12	0.12	0.3	0.28	1.47	2.71	20.3	0.99	0.15	0.84	0.011	0.75	0.023	0.75	0.58
840	20.2	14.8	1.49	1.19	4.62	58.4	57.2	39.8	12.4	0.1	25.7	3.26	10.7	1.29	9.04	1.39	0.7	10.5	0.87	0.63	4.61	4.57	0.82	3.57	0.2	0.17	0.45	0.11	4.3	11.5	24.9	1.29	0.16	1.13	0.011	1.05	0.029	3.07	1.03
832	20.5	13.9	1.53	1.82	4.24	62.2	60.7	44	12.9	0.12	30.8	3.03	10.1	1.33	9.74	1.22	0.63	8.49	0.88	0.69	4.23	4.2	0.62	3.42	0.16	0.14	0.37	0.14	3.3	9.25	24	1.6	0.1	1.5	0.014	1.42	0.028	2.09	0.78
800	14	10.8	1.65	0.63	11.9	53	48.6	27.1	17.4	0.14	15.5	2.77	8.69	2.5	11.7	2.18	0.96	14.2	0.62	0.36	11.8	11.7	0.97	10.3	0.48	0.4	2.27	0.16	3.14	14.8	19.8	0.4	0.078	0.32	0.00608	0.3	0.025	4.14	0.57
921	11.9	7.51	1.93	0.71	3.83	65.8	63.1	35	22.7	0.24	22	3.48	9.26	2.98	16.5	2.43	0.78	14.4	0.62	0.71	3.83	3.76	0.91	2.68	0.23	0.18	2	0.26	3.8	15	15.1	0.71	0.22	0.49	0.00922	0.46	0.012	2.29	0.58
913	13.1	8.97	0.81	0.48	3.71	59.7	58.9	38.6	17.2	0.053	31.5	1.28	5.7	1.21	14.1	0.88	1	16.3	0.76	1.42	3.7	3.66	0.46	3.11	0.1	0.073	0.35	0.06	2.73	16.9	18.8	0.99	0.29	0.68	0	0.61	0.018	3.96	0.6
774	20.9	18	1.32	0.66	4.59	54.2	50.1	27.1	18.8	0.076	16.5	2.38	8.22	1.86	12.9	1.25	2.83	16.6	1.1	0.098	4.58	4.54	0.67	3.73	0.16	0.14	0.66	0.96	2.79	17.3	23.6	0.44	0.051	0.38	0.00281	0.37	0.00912	1.59	0.6
746	16.9	12.2	1.81	1.1	4.32	58.2	55.7	33.6	19.7	0.21	17.7	4.94	10.7	3.01	12.3	3.81	0.58	10.6	1.49	0.75	4.29	4.27	0.65	3.59	0.036	0.025	1.36	0.41	1.53	11.6	25.7	0.72	0.13	0.59	0.00564	0.58	0.05	7.46	0.87
806	11	8.17	1.54	0.24	15.1	54.4	50.5	28.3	18.1	0.083	17	2.6	8.54	1.82	13.6	1.72	0.91	13.2	0.82	0.3	15.1	14.9	1.24	13.3	0.48	0.39	2.05	0.12	3.21	13.7	16.3	0.37	0.081	0.29	0.00065	0.27	0.02	3.84	0.45
834	10.4	7.5	0.75	0.25	5.02	72.2	71.3	53	15	0.11	38.3	2.71	11.8	1.05	12.4	0.92	0.63	7.71	0.78	0.4	5	4.97	0.8	4.03	0.16	0.14	0.24	0.13	2.83	8.67	13.8	1.04	0.14	0.89	0.00739	0.87	0.014	2.2	0.97
796	22.6	18.6	1.75	0.65	3.83	60.8	54.2	25.3	26.5	0.31	14.6	4.92	5.44	6.41	18.3	1.57	0.22	9.62	0.47	0.44	3.83	3.79	0.37	3.39	0.061	0.037	5.53	0.19	1.95	10.2	24.9	0.8	0.14	0.65	0.013	0.63	0.036	1.82	0.52
831	19.6	15.1	1.15	1.19	6.06	64.2	62.9	46.7	12.1	0.2	33.2	3.45	9.86	1.16	9.2	1.05	0.73	5.84	1.18	0.49	6.06	6.03	0.76	5.1	0.17	0.15	0.27	0.14	3.58	6.45	23	0.97	0.12	0.84	0.00675	0.78	0.031	1.91	0.62
841	22	18.2	1.44	0.7	3.96	62.7	61.3	41.6	17.7	0.26	30.6	2.63	8.06	1.56	13.3	2.5	0.44	5.68	0.85	0.39	3.96	3.9	0.44	3.27	0.21	0.16	0.67	0.15	1.57	6.27	26.8	0.86	0.13	0.73	0.00122	0.66	0.17	2.56	0.59
813	29.2	23.9	1.75	1.4	3.89	57.3	55.1	32.8	17.9	0.14	24.7	1.7	6.26	2.68	12.8	1.65	0.74	7.08	0.5	0.65	3.89	3.83	0.81	2.77	0.29	0.25	0.46	0.28	3.71	7.73	30.8	0.91	0.11	0.8	0.00674	0.76	0.014	1.02	0.52
786	30.8	28.5	0.87	0.53	4.04	47.7	46.9	33.8	10.4	0.052	22.7	3.09	7.96	0.56	8.73	0.46	0.65	14	0.65	0.18	4.03	3.92	0.49	3.35	0.18	0.11	0.24	0.19	2.35	14.6	33.2	0.44	0.082	0.36	0.00251	0.35	0.024	1.82	0.38
820	17.3	12.8	2.06	0.38	5.68	69	66.3	42.8	19.4	0.17	24.8	2.05	15.8	2.83	13.8	1.12	1.69	4.93	0.48	0.7	5.67	5.63	0.63	4.86	0.16	0.15	0.82	0.31	3.21	5.46	19.5	0.93	0.086	0.84	0.014	0.76	0.00786	1.04	0.53
807	14.7	10.9	2.28	0.59	15.5	47.3	42.9	23.7	15.7	0.077	14.8	1.92	6.91	1.89	11.5	1.49	0.79	15.6	0.46	0.42	15.5	15.3	1.2	13.5	0.67	0.55	1.81	0.12	2.74	16.2	20.3	0.38	0.061	0.31	0.0026	0.29	0.016	3.88	0.62
803	11.7	8.45	1.46	0.61	12.5	57.9	53.5	29	20	0.13	17.5	2.92	8.45	2.4	14	2.39	1.13	10.6	1.24	0.52	12.5	12.4	0.87	11.1	0.4	0.35	2.34	0.19	3.47	11.1	18	0.45	0.081	0.36	0.00366	0.34	0.027	4.1	0.51
894	19.3	14.7	2.21	0.7	4.6	54.1	45.8	26.4	15.1	0.36	17.4	3.13	5.48	4.6	9.57	0.66	0.22	16.6	0.8	0.28	4.59	4.46	0.99	3.33	0.26	0.17	6.68	0.039	3.56	17	23.7	0.8	0.16	0.63	0	0.62	0.013	2.97	0.42
868	27.7	20.2	1.52	2.4	4.77	39.2	38.3	26.1	9.6	0.22	16.9	2.86	6.05	2.83	3.14	2.85	0.77	24.1	0.54	0.45	4.75	4.65	0.88	3.59	0.27	0.21	0.55	0.32	1.36	25.2	30.2	2.14	0.28	1.87	0.00707	1.81	0.00519	1.48	1.14
743	11.3	7.63	1.25	0.49	5.51	68	65.8	40.8	22.7	0.43	25.5	5.03	9.9	4.73	15.1	2.36	0.52	10.8	1.62	0.78	5.5	5.49	0.61	4.83	0.047	0.037	1.05	0.17	1.75	11.8	14.6	0.81	0.14	0.67	0.016	0.64	0.037	1.69	0.98
761	19.7	15.4	1.07	0.7	3.65	68.9	68.2	44.3	21	0.044	28.1	3.2	13	4.1	14	1.37	1.5	4.26	0.91	0.77	3.64	3.6	0.8	2.27	0.54	0.52	0.39	0.16	2.42	4.78	22.3	1.48	0.018	1.46	0.00935	1.4	0.023	1.52	0.34
844	17.1	12.6	1.42	1.15	2.86	65.1	63	41.3	18.6	0.34	27.5	4.44	9.03	2.31	12.4	3.23	0.57	7.61	0.6	0.32	2.85	2.83	0.45	2.22	0.15	0.14	0.95	0.21	2.63	8.38	23.2	1.11	0.25	0.85	0.0058	0.75	0.06	3.8	0.77
895	18.2	14.7	1.24	0.44	4.01	58.3	49.7	28.9	16.2	0.38	19.3	2.84	6.31	4.65	10.6	0.75	0.24	15	1.05	0.18	4.01	3.98	0.86	2.96	0.17	0.15	7.36	0.053	4.01	15.3	21.9	0.97	0.47	0.5	0	0.48	0.00377	2.14	0.33
904	15.6	11	1.58	1.32	9.48	57.3	54.4	22.3	27.6	0.26	14.6	4.05	3.4	4.05	21.9	1.26	0.47	5.77	2.33	0.52	9.44	9.33	1.06	7.97	0.33	0.26	2.12	0.17	3.33	6.5	26.1	0.91	0.15	0.74	0.00242	0.68	0.017	6.47	0.74
829	13.9	10.3	1.47	0.53	3.24	73.4	71.9	49.4	18.7	0.067	32.6	2.34	14.3	3.76	11.7	1.85	1.41	4.7	2.69	0.42	3.23	3.03	0.73	2.02	0.45	0.29	0.63	0.24	3.03	5.03	17.9	0.87	0.17	0.7	0.021	0.64	0.0067	1.01	0.33
785	26.3	22.9	1.56	0.68	5.36	46.8	45.4	31.2	10.6	0.077	19.8	3.49	7.84	0.83	8.42	0.47	0.84	17.4	1.18	0.21	5.34	5.18	0.61	4.47	0.24	0.13	0.36	0.23	3.05	18	29.5	0.54	0.084	0.45	0.00823	0.43	0.019	2.05	0.46
804	17.2	11.9	2.99	0.79	12.8	46.9	42.7	24.7	14.8	0.081	16.4	1.69	6.55	2.07	10.6	1.39	0.7	17.3	0.65	0.47	12.8	12.7	1.11	11.1	0.52	0.47	1.89	0.1	2.47	17.8	21.7	0.65	0.097	0.55	0.00363	0.5	0.026	2.9	0.46
882	22	18.2	0.8	0.92	2.03	62	61.2	37.6	18.2	0.32	27.6	3.65	6.02	1.7	13.9	2.09	0.48	9.3	1.04	0.53	2.03	2.01	0.49	1.44	0.094	0.082	0.31	0.09	4.32	10	25.4	1.14	0.35	0.79	0.00268	0.78	0.029	1.88	0.72
783	26.9	23	1.97	1	7.54	44.4	39.8	27.8	8.91	0.091	15.7	3.28	8.76	0.85	6.91	0.47	0.69	18.1	0.5	0.17	7.53	7.46	0.86	6.43	0.21	0.17	0.88	0.16	2.68	18.7	29	0.44	0.076	0.36	0.00631	0.34	0.011	1.6	0.35
891	22.1	16.6	2.66	1.15	3.49	52.4	44.8	26.2	15	0.31	16.5	2.58	6.83	4.4	9.87	0.46	0.22	17.9	0.38	0.36	3.49	3.39	0.89	2.3	0.29	0.21	6.4	0.068	2.94	18.4	25.3	0.81	0.097	0.72	0.000285	0.71	0.00598	2.39	0.51
889	16.1	12.9	1.02	0.48	5.56	59.7	53.5	31.5	17.2	0.32	18.4	3.62	9.17	4.51	11.8	0.52	0.28	15	0.3	0.22	5.56	5.49	1.31	3.99	0.26	0.2	4.93	0.088	3.72	15.3	19.1	0.99	0.14	0.85	0	0.84	0.0037	2.19	0.27
823	12.3	8.8	0.97	0.75	4.2	77.1	75.4	50.5	22.5	0.13	33.1	1.97	15.3	1.73	18.6	0.86	1.27	3.3	0.88	0.63	4.19	4.16	0.32	3.74	0.11	0.088	0.49	0.36	1.78	3.8	14.6	0.78	0.073	0.71	0.00716	0.64	0.024	1.11	0.49
822	16.4	11.2	1.33	0.76	4.9	72.4	70.9	47.4	21.1	0.15	33.5	1.45	12.4	1.83	17.4	0.76	1.07	3.72	0.79	1.59	4.89	4.86	0.53	4.21	0.12	0.11	0.41	0.27	1.86	4.19	18.2	1.11	0.13	0.98	0.012	0.87	0.01	0.83	0.47
801	16.3	12.9	1.52	0.54	8.61	51.3	46.9	26.6	17.3	0.079	17	1.85	7.65	1.85	13	1.63	0.82	15.8	0.73	0.59	8.55	8.45	0.91	7.19	0.4	0.34	1.82	0.15	2.26	16.3	23.1	0.47	0.05	0.41	0.011	0.39	0.036	4.74	0.48
920	14.9	10.5	1.57	0.83	4.96	64.8	61.8	35.7	20.7	0.13	20	4.29	11.2	2.09	15.2	2.53	0.92	9.72	0.62	0.81	4.95	4.91	1.13	3.56	0.25	0.22	2.33	0.37	3.59	10.3	19.5	0.8	0.14	0.66	0.00733	0.63	0.014	3.24	0.6
833	15.8	11.8	0.88	0.85	3.97	67.5	66.2	48.1	14.1	0.11	32.1	3.31	12.5	1.12	10.9	1.26	0.82	7.15	1.2	0.62	3.97	3.94	0.56	3.25	0.14	0.11	0.39	0.19	3.47	8.17	20	1.17	0.096	1.07	0.013	1.03	0.015	2.34	1.04
848	15.4	10.2	2.56	0.95	2.66	64.7	62.8	40.3	18.9	0.24	26.3	4.01	9.74	2.33	12.3	3.54	0.71	10.1	0.28	0.22	2.65	2.62	0.42	2.06	0.15	0.14	0.96	0.15	3.06	10.8	21.5	1.1	0.22	0.87	0.00478	0.8	0.037	4.17	0.67
776	17.7	15.3	1.01	0.35	3.76	59.1	56.1	33.6	18.3	0.081	21.1	2.81	9.62	1.66	12.4	1.21	2.97	16.6	0.96	0.16	3.75	3.64	0.59	2.94	0.2	0.13	0.62	1	2.86	17.3	19.6	0.52	0.066	0.45	0.00836	0.44	0.00526	0.89	0.55
752	25.8	22.3	1.13	0.64	7.27	50.4	49	33.7	12.9	1.03	8.62	17.1	6.99	3.11	6.49	3.08	0.22	10.4	0.82	0.23	7.26	7.2	2.2	4.81	0.22	0.18	0.83	0.19	1.87	11.1	30.7	1.35	0.08	1.27	0.0031	1.19	0.072	4.06	0.63
862	16.2	10.7	0.97	3.05	4.47	51.4	50.3	37.5	9.97	0.73	27.8	1.27	7.67	0.8	9.07	0.062	0.038	20.5	0.6	0.75	4.46	4.43	0.52	3.84	0.097	0.072	0.49	0.072	2.09	21	22.1	0.2	0.028	0.17	0	0.16	0.11	3.65	0.5
873	17	13.5	0.88	0.71	3.35	44.1	42.8	27.2	12.7	0.28	15.2	4.59	7.09	3.2	4.1	4.01	1.37	29.7	0.82	0.21	3.34	3.3	0.49	2.67	0.17	0.14	0.92	0.41	1.69	30.6	21.1	1.33	0.24	1.09	0.00312	1.08	0.00624	2.62	0.9
884	18.5	14.8	0.81	1.06	1.94	67.9	67.2	43.2	18.8	0.33	32.6	4.16	6.12	1.59	14.8	1.97	0.42	7.8	0.86	0.44	1.94	1.89	0.48	1.35	0.099	0.066	0.28	0.083	4.08	8.42	21.5	1	0.31	0.69	0.00098	0.67	0.023	1.83	0.61
793	21.2	16.8	2.23	1.04	4.34	58.5	49.9	24	23.2	0.25	13	4.98	5.72	7.43	13.9	1.67	0.2	13	0.57	0.35	4.34	4.31	0.45	3.83	0.057	0.039	7.09	0.16	2.22	13.4	23.6	0.57	0.091	0.48	0.01	0.46	0.019	1.76	0.44
915	11.1	7.82	0.98	0.24	4.81	68.6	67.8	46.9	17.9	0.06	37.8	1.59	7.48	0.96	15	0.72	1.17	9.03	0.96	0.97	4.81	4.73	0.62	4.01	0.13	0.085	0.33	0.064	2.52	9.74	16.3	0.82	0.18	0.62	0	0.58	0.018	3.45	0.7
851	19.4	15	1.91	0.63	4.22	59.4	56.5	36.8	13.9	0.089	26.8	1.92	7.91	4.84	6.56	1.79	0.72	12.3	2.61	0.55	4.2	4.07	1.07	2.64	0.45	0.35	0.9	0.19	5.04	12.5	23.4	1.07	0.21	0.85	0.016	0.8	0.017	1.02	0.21
893	23.7	19.7	1.12	0.66	4.13	55.8	50	30.4	15.5	0.32	18.6	3.26	8.22	3.94	10.4	0.84	0.35	12.3	0.66	0.11	4.12	4.11	0.91	3.04	0.15	0.14	4.62	0.066	3.32	12.5	27	1.29	0.27	1.02	0	0.99	0.011	1.89	0.29
735	12.9	8.72	1.75	0.25	3.49	61.8	59.4	30.4	19.5	0.2	18	3.4	8.73	2.19	13.9	2.17	1.25	12.2	0.98	0.67	3.49	3.41	0.84	2.52	0.095	0.054	1.33	0.14	8.51	12.9	21.1	1.18	0.2	0.96	0.00602	0.85	0.012	5.67	0.75
871	36.2	29.9	1	3.18	4.01	37.6	36.4	22.9	11.1	0.21	13.1	3.39	6.21	2.34	5	2.69	1.12	15.4	1.2	0.29	4	3.94	0.51	3.31	0.18	0.14	0.73	0.3	1.44	16.1	41.8	1.13	0.18	0.96	0.00276	0.94	0.027	3.18	0.74
881	18.6	15	0.74	0.77	1.7	66.8	66.1	41.1	19.9	0.29	31.3	3.35	6.2	1.77	15.4	2.35	0.47	9.48	0.94	0.59	1.7	1.68	0.45	1.14	0.11	0.089	0.27	0.098	3.88	10	21.1	1.08	0.27	0.81	0.0016	0.79	0.026	1.22	0.54
906	14.9	10.4	1.81	1.36	9.86	61.8	59	26.4	28.3	0.3	18	4.04	4.02	4.66	22	1.21	0.39	7.35	0.95	0.4	9.8	9.74	1.26	8.09	0.35	0.32	1.81	0.17	3.5	7.86	20	0.71	0.066	0.64	0.00278	0.59	0.00789	3.05	0.51
909	13.9	10.2	0.86	0.23	6.87	65.4	64.7	46	16.3	0.052	37.3	1.09	7.58	0.86	13.5	0.74	1.19	7.15	0.51	1.22	6.87	6.78	0.94	5.66	0.2	0.15	0.25	0.076	2.01	7.73	19.5	1.03	0.16	0.86	0	0.8	0.018	3.75	0.58
902	18	12.9	1.96	1.53	7.18	61.1	58.5	27.4	27.7	0.29	19.2	3.6	4.31	3.32	22.8	1.09	0.43	5.44	0.41	0.52	7.13	7.04	1.12	5.65	0.3	0.25	1.81	0.16	2.69	5.9	25.1	0.86	0.16	0.69	0.00561	0.63	0.011	5.03	0.45
883	23	19	0.87	1.15	1.76	61.1	60.3	37.8	17.1	0.29	29	3.19	5.31	1.91	12.6	2.18	0.37	9.77	1.32	0.56	1.76	1.73	0.43	1.23	0.088	0.074	0.34	0.08	4.15	10.4	26.2	1.05	0.3	0.75	0.0035	0.73	0.047	1.47	0.64
772	20.3	17.4	1.3	0.43	3.78	58.9	57.7	34.1	19.4	0.086	21.9	2.5	9.6	1.8	13.3	1.11	3.21	14.3	0.81	0.2	3.76	3.67	0.65	2.9	0.2	0.14	0.28	1.09	2.73	14.9	22.2	0.59	0.088	0.5	0.011	0.48	0.00764	1.07	0.49
745	14.5	10.5	1.43	0.65	5.86	64.2	62.5	38.4	21.9	0.33	23.2	4.45	10.4	4.36	14.5	2.47	0.56	11.1	1.61	0.76	5.81	5.77	0.7	5.03	0.07	0.038	0.82	0.2	1.7	11.9	17.9	0.79	0.16	0.62	0.00944	0.59	0.033	1.75	0.8
805	12	9.11	1.37	0.24	11.9	57	53.3	29.9	19	0.094	18.9	2.47	8.43	1.83	14.6	1.61	0.94	11.7	1.31	0.41	11.9	11.7	0.84	10.5	0.44	0.37	1.9	0.15	3.42	12.1	18.5	0.46	0.11	0.34	0.00157	0.32	0.051	4.19	0.48
